Independent screen identifier,Type of candidate criterion,Dataset identifiers,Study identifiers,Study roles,Source criterion identifiers,Responses covered by the criterion,Candidate criteria (n),Accessions or lines assessed (n),Candidates (n),Candidates among those assessed (proportion)
experiment:barbosa_sete_lagoas_two_nursery_downy_mildew,Complete set of criteria used in the primary analysis,ref_barbosa_brazil_downy_mildew_2004,ref_barbosa_brazil_downy_mildew_2004,Screened genotype,source_reported_article_conclusion; source_supported_location_resistance_rule,Criterion combines multiple environments,2,2,1,0.5
experiment:barbosa_sete_lagoas_two_nursery_downy_mildew,Criterion reported or supported by the source,ref_barbosa_brazil_downy_mildew_2004,ref_barbosa_brazil_downy_mildew_2004,Screened genotype,source_reported_article_conclusion,Criterion combines multiple environments,1,2,0,0
experiment:barbosa_sete_lagoas_two_nursery_downy_mildew,Criterion reconstructed from a source-defined threshold,ref_barbosa_brazil_downy_mildew_2004,ref_barbosa_brazil_downy_mildew_2004,Screened genotype,source_supported_location_resistance_rule,Criterion combines multiple environments,1,2,1,0.5
experiment:erpelding_isabela_anthracnose_2007_2008_campaign,Complete set of criteria used in the primary analysis,ref_erpelding_botswana_anthracnose_2011; ref_erpelding_burundi_anthracnose_2010,ref_erpelding_botswana_anthracnose_2011; ref_erpelding_burundi_anthracnose_2010,Accession,source_supported_location_resistance_rule,Criterion combines multiple environments,2,294,135,0.4591836734693877
experiment:erpelding_isabela_anthracnose_2007_2008_campaign,Criterion reconstructed from a source-defined threshold,ref_erpelding_botswana_anthracnose_2011; ref_erpelding_burundi_anthracnose_2010,ref_erpelding_botswana_anthracnose_2011; ref_erpelding_burundi_anthracnose_2010,Accession,source_supported_location_resistance_rule,Criterion combines multiple environments,2,294,135,0.4591836734693877
experiment:erpelding_isabela_mali_anthracnose_2004_2005_campaign,Complete set of criteria used in the primary analysis,ref_erpelding_mopti_anthracnose_2010; ref_erpelding_sikasso_mali_anthracnose_2008,ref_erpelding_mopti_anthracnose_2010; ref_erpelding_sikasso_mali_anthracnose_2008,Accession,source_supported_location_resistance_rule,Criterion combines multiple environments,2,229,154,0.6724890829694323
experiment:erpelding_isabela_mali_anthracnose_2004_2005_campaign,Criterion reconstructed from a source-defined threshold,ref_erpelding_mopti_anthracnose_2010; ref_erpelding_sikasso_mali_anthracnose_2008,ref_erpelding_mopti_anthracnose_2010; ref_erpelding_sikasso_mali_anthracnose_2008,Accession,source_supported_location_resistance_rule,Criterion combines multiple environments,2,229,154,0.6724890829694323
experiment:ethiopian_field_anthracnose_multisite,Complete set of criteria used in the primary analysis,ethiopian_field_anthracnose_multisite,ethiopian_field_anthracnose_multisite,Genotype,source_supported_location_resistance_rule,Criterion combines multiple environments,1,347,51,0.1469740634005763
experiment:ethiopian_field_anthracnose_multisite,Criterion reconstructed from a source-defined threshold,ethiopian_field_anthracnose_multisite,ethiopian_field_anthracnose_multisite,Genotype,source_supported_location_resistance_rule,Criterion combines multiple environments,1,347,51,0.1469740634005763
experiment:gaffoor_pennsylvania_anthracnose_selected_subset_2016,Complete set of criteria used in the primary analysis,ref_gaffoor_pennsylvania_anthracnose_2021,ref_gaffoor_pennsylvania_anthracnose_2021,Line selected for favorable disease response,source_reported_article_recommendation,Separate criterion for each disease,1,2,0,0
experiment:gaffoor_pennsylvania_anthracnose_selected_subset_2016,Criterion reported or supported by the source,ref_gaffoor_pennsylvania_anthracnose_2021,ref_gaffoor_pennsylvania_anthracnose_2021,Line selected for favorable disease response,source_reported_article_recommendation,Separate criterion for each disease,1,2,0,0
experiment:icrisat_patancheru_grain_mold_2006_2007,Complete set of criteria used in the primary analysis,ref_kumar_icrisat_grain_mold_hybrids_2008,ref_kumar_icrisat_grain_mold_hybrids_2008,R line parent,source_reported_article_recommendation,Separate criterion for each disease,2,1,1,1
experiment:icrisat_patancheru_grain_mold_2006_2007,Criterion reported or supported by the source,ref_kumar_icrisat_grain_mold_hybrids_2008,ref_kumar_icrisat_grain_mold_hybrids_2008,R line parent,source_reported_article_recommendation,Separate criterion for each disease,2,1,1,1
experiment:panelA_pr_multidisease,Complete set of criteria used in the primary analysis,panelA_pr_multidisease,panelA_pr_2017_2018,Test accession,existing_validated_primary; validated_prespecified_threshold,Separate criteria spanning multiple diseases,5,108,87,0.8055555555555556
experiment:panelA_pr_multidisease,Criterion validated in the source study,panelA_pr_multidisease,panelA_pr_2017_2018,Test accession,existing_validated_primary; validated_prespecified_threshold,Separate criteria spanning multiple diseases,5,108,87,0.8055555555555556
experiment:prom_accession_anthracnose_grain_mold_texas_2010_2015,Complete set of criteria used in the primary analysis,prom_accession_anthracnose_grain_mold_2020,prom_accession_anthracnose_grain_mold_2020,Accession,source_reported_article_conclusion,Separate criterion for each disease,2,47,13,0.2765957446808511
experiment:prom_accession_anthracnose_grain_mold_texas_2010_2015,Criterion reported or supported by the source,prom_accession_anthracnose_grain_mold_2020,prom_accession_anthracnose_grain_mold_2020,Accession,source_reported_article_conclusion,Separate criterion for each disease,2,47,13,0.2765957446808511
experiment:prom_chinese_shared_panel_college_station_2005_2006_screening_program,Complete set of criteria used in the primary analysis,prom_china_ergot_2008; prom_chinese_downy_anthracnose_2007,prom_china_ergot_2008; prom_chinese_downy_anthracnose_2007,Accession; Chinese accession,source_reported_article_selection; source_reported_low_disease_selection; source_reported_reaction_class,Separate criterion for each disease,3,37,14,0.3783783783783784
experiment:prom_chinese_shared_panel_college_station_2005_2006_screening_program,Criterion reported or supported by the source,prom_china_ergot_2008; prom_chinese_downy_anthracnose_2007,prom_china_ergot_2008; prom_chinese_downy_anthracnose_2007,Accession; Chinese accession,source_reported_article_selection; source_reported_low_disease_selection; source_reported_reaction_class,Separate criterion for each disease,3,37,14,0.3783783783783784
experiment:prom_converted_panel_texas_2008_2009,Complete set of criteria used in the primary analysis,prom_converted_lines_anthracnose_downy_2016; prom_converted_lines_grain_biodeterioration_2016,prom_converted_lines_anthracnose_downy_2016; prom_converted_lines_grain_biodeterioration_2016,Converted line; Sorghum converted line,source_reported_article_conclusion; source_reported_reaction_class,Separate disease criteria combining multiple environments,3,63,23,0.365079365079365
experiment:prom_converted_panel_texas_2008_2009,Criterion reported or supported by the source,prom_converted_lines_anthracnose_downy_2016; prom_converted_lines_grain_biodeterioration_2016,prom_converted_lines_anthracnose_downy_2016; prom_converted_lines_grain_biodeterioration_2016,Converted line; Sorghum converted line,source_reported_article_conclusion; source_reported_reaction_class,Separate disease criteria combining multiple environments,3,63,23,0.365079365079365
experiment:prom_ethiopia_anthracnose_2019,Complete set of criteria used in the primary analysis,prom_ethiopia_anthracnose_2019,prom_ethiopia_anthracnose_2019,Accession,source_supported_location_resistance_rule,Criterion combines multiple environments,1,26,25,0.9615384615384616
experiment:prom_ethiopia_anthracnose_2019,Criterion reconstructed from a source-defined threshold,prom_ethiopia_anthracnose_2019,prom_ethiopia_anthracnose_2019,Accession,source_supported_location_resistance_rule,Criterion combines multiple environments,1,26,25,0.9615384615384616
experiment:prom_ethiopia_subset_isabela_2019_2020,Complete set of criteria used in the primary analysis,prom_ethiopia_anthracnose_subset_2022,prom_ethiopia_anthracnose_subset_2022,Accession,source_reported_reaction_class,Criterion combines multiple environments,1,64,29,0.453125
experiment:prom_ethiopia_subset_isabela_2019_2020,Criterion reported or supported by the source,prom_ethiopia_anthracnose_subset_2022,prom_ethiopia_anthracnose_subset_2022,Accession,source_reported_reaction_class,Criterion combines multiple environments,1,64,29,0.453125
experiment:prom_four_country_anthracnose_2007_2008_pr,Complete set of criteria used in the primary analysis,prom_four_country_anthracnose_2012,prom_four_country_anthracnose_2012,Accession,source_reported_reaction_class,Criterion combines multiple environments,1,71,22,0.3098591549295774
experiment:prom_four_country_anthracnose_2007_2008_pr,Criterion reported or supported by the source,prom_four_country_anthracnose_2012,prom_four_country_anthracnose_2012,Accession,source_reported_reaction_class,Criterion combines multiple environments,1,71,22,0.3098591549295774
experiment:prom_fusarium_grain_mold_panels_isabela_2006,Complete set of criteria used in the primary analysis,prom_ethiopia_mali_fusarium_2013; prom_sudan_grain_mold_sources_2009,prom_ethiopia_mali_fusarium_2013; prom_sudan_grain_mold_sources_2009,Accession,source_reported_article_conclusion,Separate criterion for each disease,2,97,15,0.1546391752577319
experiment:prom_fusarium_grain_mold_panels_isabela_2006,Criterion reported or supported by the source,prom_ethiopia_mali_fusarium_2013; prom_sudan_grain_mold_sources_2009,prom_ethiopia_mali_fusarium_2013; prom_sudan_grain_mold_sources_2009,Accession,source_reported_article_conclusion,Separate criterion for each disease,2,97,15,0.1546391752577319
experiment:prom_mali_anthracnose_isabela_2003,Complete set of criteria used in the primary analysis,prom_mali_anthracnose_2004,prom_mali_anthracnose_2004,Accession,source_supported_location_resistance_rule,Criterion combines multiple environments,1,264,211,0.7992424242424242
experiment:prom_mali_anthracnose_isabela_2003,Criterion reconstructed from a source-defined threshold,prom_mali_anthracnose_2004,prom_mali_anthracnose_2004,Accession,source_supported_location_resistance_rule,Criterion combines multiple environments,1,264,211,0.7992424242424242
experiment:prom_mozambique_anthracnose_isabela_2004,Complete set of criteria used in the primary analysis,prom_mozambique_anthracnose_2006,prom_mozambique_anthracnose_2006,Accession,source_supported_location_resistance_rule,Criterion combines multiple environments,1,22,12,0.5454545454545454
experiment:prom_mozambique_anthracnose_isabela_2004,Criterion reconstructed from a source-defined threshold,prom_mozambique_anthracnose_2006,prom_mozambique_anthracnose_2006,Accession,source_supported_location_resistance_rule,Criterion combines multiple environments,1,22,12,0.5454545454545454
experiment:prom_sap_grain_mold_texas_2020,Complete set of criteria used in the primary analysis,prom_sap_grain_mold_texas_2020_via_2026,prom_sap_grain_mold_texas_2020,Accession,source_reported_article_candidates,Criterion combines multiple measurements,1,306,3,0.0098039215686274
experiment:prom_sap_grain_mold_texas_2020,Criterion reported or supported by the source,prom_sap_grain_mold_texas_2020_via_2026,prom_sap_grain_mold_texas_2020,Accession,source_reported_article_candidates,Criterion combines multiple measurements,1,306,3,0.0098039215686274
experiment:prom_sap_head_smut_p5_p6_2021,Complete set of criteria used in the primary analysis,prom_sap_head_smut_p5_p6_2021,prom_sap_head_smut_p5_p6_2017; prom_sap_head_smut_p5_p6_2018,Accession,source_reported_reaction,Separate criterion for each disease,4,67,49,0.7313432835820896
experiment:prom_sap_head_smut_p5_p6_2021,Criterion reported or supported by the source,prom_sap_head_smut_p5_p6_2021,prom_sap_head_smut_p5_p6_2017; prom_sap_head_smut_p5_p6_2018,Accession,source_reported_reaction,Separate criterion for each disease,4,67,49,0.7313432835820896
experiment:prom_sap_texas_anthracnose_2019,Complete set of criteria used in the primary analysis,prom_sap_texas_anthracnose_2019,prom_sap_texas_anthracnose_2019,Accession,source_reported_resistance_scale,Separate criterion for each disease,1,348,71,0.2040229885057471
experiment:prom_sap_texas_anthracnose_2019,Criterion reported or supported by the source,prom_sap_texas_anthracnose_2019,prom_sap_texas_anthracnose_2019,Accession,source_reported_resistance_scale,Separate criterion for each disease,1,348,71,0.2040229885057471
experiment:prom_senegal_grain_mold_2022_two_location_trial,Complete set of criteria used in the primary analysis,prom_agronomic_grain_mold_senegal_2026,prom_agronomic_grain_mold_senegal_2026,Cultivar or line,source_reported_article_recommendation,Separate criterion for each disease,1,17,1,0.0588235294117647
experiment:prom_senegal_grain_mold_2022_two_location_trial,Criterion reported or supported by the source,prom_agronomic_grain_mold_senegal_2026,prom_agronomic_grain_mold_senegal_2026,Cultivar or line,source_reported_article_recommendation,Separate criterion for each disease,1,17,1,0.0588235294117647
experiment:prom_senegal_long_smut_grain_mold_2011_2012,Complete set of criteria used in the primary analysis,prom_lines_long_smut_grain_mold_2017; prom_us_lines_long_smut_grain_mold_2018,prom_lines_long_smut_grain_mold_2017; prom_us_lines_long_smut_grain_mold_2018,Line or hybrid; U.S. line or hybrid,source_supported_numeric_resistance_rule,Separate criterion for each disease,4,3,0,0
experiment:prom_senegal_long_smut_grain_mold_2011_2012,Criterion reported or supported by the source,prom_lines_long_smut_grain_mold_2017; prom_us_lines_long_smut_grain_mold_2018,prom_lines_long_smut_grain_mold_2017; prom_us_lines_long_smut_grain_mold_2018,Line or hybrid; U.S. line or hybrid,source_supported_numeric_resistance_rule,Separate criterion for each disease,4,3,0,0
experiment:prom_senegal_seed_quality_2018,Complete set of criteria used in the primary analysis,prom_senegal_seed_quality_2018,prom_senegal_seed_quality_2018,Accession,source_reported_table_4,Separate criteria spanning multiple diseases,2,158,14,0.0886075949367088
experiment:prom_senegal_seed_quality_2018,Criterion reported or supported by the source,prom_senegal_seed_quality_2018,prom_senegal_seed_quality_2018,Accession,source_reported_table_4,Separate criteria spanning multiple diseases,2,158,14,0.0886075949367088
experiment:prom_senegal_seedling_head_smut_p5_2022,Complete set of criteria used in the primary analysis,prom_senegal_seedling_head_smut_p5_2022,prom_senegal_seedling_head_smut_p5_2022,Accession,source_reported_no_infection,Separate criterion for each disease,1,163,17,0.1042944785276073
experiment:prom_senegal_seedling_head_smut_p5_2022,Criterion reported or supported by the source,prom_senegal_seedling_head_smut_p5_2022,prom_senegal_seedling_head_smut_p5_2022,Accession,source_reported_no_infection,Separate criterion for each disease,1,163,17,0.1042944785276073
experiment:prom_sudan_anthracnose_2020,Complete set of criteria used in the primary analysis,prom_sudan_anthracnose_2020,prom_sudan_anthracnose_2020,Accession,source_reported_classification; source_supported_location_resistance_rule,Separate disease criteria combining multiple environments,2,255,55,0.2156862745098039
experiment:prom_sudan_anthracnose_2020,Criterion reported or supported by the source,prom_sudan_anthracnose_2020,prom_sudan_anthracnose_2020,Accession,source_reported_classification,Separate criterion for each disease,1,255,55,0.2156862745098039
experiment:prom_sudan_anthracnose_2020,Criterion reconstructed from a source-defined threshold,prom_sudan_anthracnose_2020,prom_sudan_anthracnose_2020,Accession,source_supported_location_resistance_rule,Criterion combines multiple environments,1,57,46,0.8070175438596491
experiment:prom_sudan_rust_2025,Complete set of criteria used in the primary analysis,prom_sudan_rust_2025,prom_sudan_rust_2025,Accession,source_reported_classification,Separate criterion for each disease,1,268,18,0.0671641791044776
experiment:prom_sudan_rust_2025,Criterion reported or supported by the source,prom_sudan_rust_2025,prom_sudan_rust_2025,Accession,source_reported_classification,Separate criterion for each disease,1,268,18,0.0671641791044776
experiment:prom_weather_anthracnose_texas_2009_paired_crop_regrowth,Complete set of criteria used in the primary analysis,prom_weather_anthracnose_genotypes_2015,prom_weather_anthracnose_genotypes_2015,Accession,source_reported_stable_resistance_rule,Criterion combines multiple environments,1,68,19,0.2794117647058823
experiment:prom_weather_anthracnose_texas_2009_paired_crop_regrowth,Criterion reported or supported by the source,prom_weather_anthracnose_genotypes_2015,prom_weather_anthracnose_genotypes_2015,Accession,source_reported_stable_resistance_rule,Criterion combines multiple environments,1,68,19,0.2794117647058823
experiment:prom_zimbabwe_rust_isabela_2011,Complete set of criteria used in the primary analysis,prom_zimbabwe_rust_2012,prom_zimbabwe_rust_2012,Accession,source_supported_numeric_resistance_rule,Separate criterion for each disease,1,68,12,0.1764705882352941
experiment:prom_zimbabwe_rust_isabela_2011,Criterion reported or supported by the source,prom_zimbabwe_rust_2012,prom_zimbabwe_rust_2012,Accession,source_supported_numeric_resistance_rule,Separate criterion for each disease,1,68,12,0.1764705882352941
experiment:prom_zonate_leaf_spot_burleson_2021,Complete set of criteria used in the primary analysis,prom_zonate_leaf_spot_2021,prom_zonate_leaf_spot_2021,Accession or line,source_supported_numeric_resistance_rule,Separate criterion for each disease,1,59,11,0.1864406779661017
experiment:prom_zonate_leaf_spot_burleson_2021,Criterion reported or supported by the source,prom_zonate_leaf_spot_2021,prom_zonate_leaf_spot_2021,Accession or line,source_supported_numeric_resistance_rule,Separate criterion for each disease,1,59,11,0.1864406779661017
experiment:ref_aragaw_terefe_eastern_ethiopia_anthracnose_2024,Complete set of criteria used in the primary analysis,ref_aragaw_terefe_eastern_ethiopia_anthracnose_2024,ref_aragaw_terefe_eastern_ethiopia_anthracnose_2024,Genotype,source_reported_reaction_class,Separate disease criteria combining multiple environments,3,46,19,0.4130434782608695
experiment:ref_aragaw_terefe_eastern_ethiopia_anthracnose_2024,Criterion reported or supported by the source,ref_aragaw_terefe_eastern_ethiopia_anthracnose_2024,ref_aragaw_terefe_eastern_ethiopia_anthracnose_2024,Genotype,source_reported_reaction_class,Separate disease criteria combining multiple environments,3,46,19,0.4130434782608695
experiment:ref_girma_ethiopian_head_smut_2019,Complete set of criteria used in the primary analysis,ref_girma_ethiopian_head_smut_2019,ref_girma_ethiopian_head_smut_2019,Genotype,source_defined_highest_response_class,Criterion combines multiple environments,1,1240,835,0.6733870967741935
experiment:ref_girma_ethiopian_head_smut_2019,Criterion reported or supported by the source,ref_girma_ethiopian_head_smut_2019,ref_girma_ethiopian_head_smut_2019,Genotype,source_defined_highest_response_class,Criterion combines multiple environments,1,1240,835,0.6733870967741935
experiment:senegal_seedling_anthracnose,Complete set of criteria used in the primary analysis,senegal_seedling_anthracnose,ahn_2022_seedling_anthracnose,Test accession,source_reported_rule,Separate criterion for each disease,1,159,143,0.89937106918239
experiment:senegal_seedling_anthracnose,Criterion reported or supported by the source,senegal_seedling_anthracnose,ahn_2022_seedling_anthracnose,Test accession,source_reported_rule,Separate criterion for each disease,1,159,143,0.89937106918239
experiment:sweet_sorghum_multilocation_anthracnose,Complete set of criteria used in the primary analysis,prom_sweet_anthracnose_2023,prom_sweet_anthracnose_2023,Accession,source_supported_location_resistance_rule,Criterion combines multiple environments,1,223,26,0.116591928251121
experiment:sweet_sorghum_multilocation_anthracnose,Criterion reconstructed from a source-defined threshold,prom_sweet_anthracnose_2023,prom_sweet_anthracnose_2023,Accession,source_supported_location_resistance_rule,Criterion combines multiple environments,1,223,26,0.116591928251121
experiment:uganda_downy_mildew_two_location_2016,Complete set of criteria used in the primary analysis,prom_uganda_downy_mildew_2019,prom_uganda_downy_mildew_2019,Introduced accession,source_reported_article_recommendation; source_reported_reaction_class,Separate disease criteria combining multiple environments,2,3,1,0.3333333333333333
experiment:uganda_downy_mildew_two_location_2016,Criterion reported or supported by the source,prom_uganda_downy_mildew_2019,prom_uganda_downy_mildew_2019,Introduced accession,source_reported_article_recommendation; source_reported_reaction_class,Separate disease criteria combining multiple environments,2,3,1,0.3333333333333333
experiment_set:sharma_minicore_anthracnose_2009_2010+sharma_minicore_leaf_blight_2009_2010+sharma_minicore_rust_2010,Complete set of criteria used in the primary analysis,ref_sharma_minicore_foliar_diseases_2012,ref_sharma_minicore_foliar_diseases_2012,Accession,article_table_reconstruction_from_reported_threshold; intersection_of_source_reported_resistance_thresholds; source_reported_resistance_threshold,Separate criteria spanning multiple diseases and environments,4,38,38,1
experiment_set:sharma_minicore_anthracnose_2009_2010+sharma_minicore_leaf_blight_2009_2010+sharma_minicore_rust_2010,Criterion reported or supported by the source,ref_sharma_minicore_foliar_diseases_2012,ref_sharma_minicore_foliar_diseases_2012,Accession,source_reported_resistance_threshold,Separate disease criteria combining multiple environments,2,38,29,0.7631578947368421
experiment_set:sharma_minicore_anthracnose_2009_2010+sharma_minicore_leaf_blight_2009_2010+sharma_minicore_rust_2010,Criterion reconstructed from a source-defined threshold,ref_sharma_minicore_foliar_diseases_2012,ref_sharma_minicore_foliar_diseases_2012,Accession,article_table_reconstruction_from_reported_threshold; intersection_of_source_reported_resistance_thresholds,Criterion spans multiple diseases and environments,2,38,12,0.3157894736842105
