Source file ID,Source identifier,Source dataset identifier,File role,Acquisition status,Publication or repository page,Download URL,Published filename,Archive format,Archive member path,Access date,Download byte size,Download SHA-256,Archive member byte size,Archive member SHA-256,Required for quantitative analysis,Location of rights information,Notes
adeyanju_stalk_rot_2015_genotype_list_pdf,ref_adeyanju_stalk_rot_2015,ref_adeyanju_stalk_rot_2015,Supporting metadata,Verified,https://pmc.ncbi.nlm.nih.gov/articles/PMC4478546/,https://www.ebi.ac.uk/europepmc/webservices/rest/PMC4478546/supplementaryFiles,PMC4478546_SupplementaryFiles.zip,Zip,Supp_g3.114.016394_TableS3.pdf,2026-07-14,4020514,dfa46bd7b7dbbf5d40d38cf7da18d4c7b59b554d13137b28901a7c85f09ce20b,125193,e7730d64c33194b71dd7c2918ab56d4a883ac067167d9bf3efa3f081a8488e6a,Supporting source,Https://www.ebi.ac.uk/europepmc/webservices/rest/PMC4478546/fullTextXML,The recorded SHA-256 values identify both the downloaded archive and the source file used for this study.
adeyanju_stalk_rot_2015_least_square_means_csv,ref_adeyanju_stalk_rot_2015,ref_adeyanju_stalk_rot_2015,Phenotype data,Verified,https://pmc.ncbi.nlm.nih.gov/articles/PMC4478546/,https://www.ebi.ac.uk/europepmc/webservices/rest/PMC4478546/supplementaryFiles,PMC4478546_SupplementaryFiles.zip,Zip,Supp_g3.114.016394_FileS2.csv,2026-07-14,4020514,dfa46bd7b7dbbf5d40d38cf7da18d4c7b59b554d13137b28901a7c85f09ce20b,75559,d9ba37dffc1043a918ceb7bdf30ee117b046e9acafb2c818e69773fac7a0a6ef,Used in quantitative calculations,Https://www.ebi.ac.uk/europepmc/webservices/rest/PMC4478546/fullTextXML,The recorded SHA-256 values identify both the downloaded archive and the source file used for this study.
adeyanju_stalk_rot_2015_raw_phenotypes_csv,ref_adeyanju_stalk_rot_2015,ref_adeyanju_stalk_rot_2015,Phenotype data,Verified,https://pmc.ncbi.nlm.nih.gov/articles/PMC4478546/,https://www.ebi.ac.uk/europepmc/webservices/rest/PMC4478546/supplementaryFiles,PMC4478546_SupplementaryFiles.zip,Zip,Supp_g3.114.016394_FileS1.csv,2026-07-14,4020514,dfa46bd7b7dbbf5d40d38cf7da18d4c7b59b554d13137b28901a7c85f09ce20b,419794,86fedbff04bbef656df2d8c7eed0d083b64105a1987dd637c17ff2aef852aa75,Supporting source,Https://www.ebi.ac.uk/europepmc/webservices/rest/PMC4478546/fullTextXML,The recorded SHA-256 values identify both the downloaded archive and the source file used for this study.
anthracnose_pathotype_differentials_2024_csv,anthracnose_pathotype_differentials,prom_anthracnose_pathotype_differentials_2023,Phenotype data,Verified,https://agdatacommons.nal.usda.gov/articles/dataset/25988122,https://ndownloader.figshare.com/files/46880146,Prom_Anthracnose_Diversity_Data_2024.csv,Single file,,2026-07-14,1730,34373ab838c0616d1decc03c6a755f332757f75bd5ecf480f481788e26cf06d4,,,Used in quantitative calculations,Https://agdatacommons.nal.usda.gov/articles/dataset/25988122,The recorded SHA-256 identifies the source file used for this study.
aragaw_terefe_eastern_ethiopia_anthracnose_2024_xml,ref_aragaw_terefe_eastern_ethiopia_anthracnose_2024,ref_aragaw_terefe_eastern_ethiopia_anthracnose_2024,Phenotype data,Verified,https://journals.plos.org/plosone/article?id=10.1371/journal.pone.0316016,https://journals.plos.org/plosone/article/file?id=10.1371/journal.pone.0316016&type=manuscript,pone.0316016.xml,Single file,,2026-07-14,127959,6b0c225c76a6a522d3650841d10f2de39507fd965923bee1faa46f9f67f876d9,,,Used in quantitative calculations,Https://journals.plos.org/plosone/article?id=10.1371/journal.pone.0316016,The recorded SHA-256 identifies the source file used for this study.
ethiopian_anthracnose_2019_xlsx,prom_ethiopia_anthracnose_2019,prom_ethiopia_anthracnose_2019,Phenotype data,Verified,https://gsajournals.figshare.com/articles/dataset/Supplemental_Material_for_Cuevas_Prom_and_Cruet-Burgos_2019/8127200,https://ndownloader.figshare.com/files/15147788,Supplementary Tables 4-29-2019.xlsx,Single file,,2026-07-14,47168,11fc04de1471da36a0a6b9356087def67fe3943abd2e212c55d7c7d7977c0684,,,Used in quantitative calculations,Https://gsajournals.figshare.com/articles/dataset/Supplemental_Material_for_Cuevas_Prom_and_Cruet-Burgos_2019/8127200,The recorded SHA-256 identifies the source file used for this study.
ethiopian_anthracnose_2024_xlsx,ethiopian_field_anthracnose_multisite,ethiopian_field_anthracnose_multisite,Phenotype data,Verified,https://bmcgenomics.biomedcentral.com/articles/10.1186/s12864-024-10545-2,https://static-content.springer.com/esm/art%3A10.1186%2Fs12864-024-10545-2/MediaObjects/12864_2024_10545_MOESM1_ESM.xlsx,12864_2024_10545_MOESM1_ESM.xlsx,Single file,,2026-07-14,30188,486997e433ddbd24ef30c9c8da18bd5572350bdb558f9a44d6ca278f2612f67f,,,Used in quantitative calculations,Https://bmcgenomics.biomedcentral.com/articles/10.1186/s12864-024-10545-2,The recorded SHA-256 identifies the source file used for this study.
ethiopian_grain_mold_2024_xlsx,prom_ethiopia_grain_mold_2024,prom_ethiopia_grain_mold_2024,Phenotype data,Verified,https://www.cambridge.org/core/journals/plant-genetic-resources/article/association-analysis-of-grain-mould-resistance-in-a-core-collection-of-npgs-ethiopian-sorghum-germplasm/A26623540E4557FD66683B493B89DDA7,https://static.cambridge.org/content/id/urn%3Acambridge.org%3Aid%3Aarticle%3AS1479262124000157/resource/name/S1479262124000157sup001.xlsx,S1479262124000157sup001.xlsx,Single file,,2026-07-14,29586,3de417260de20476de432f9a95e194fc16eaebf9bd13a69189952a49b83941ce,,,Used in quantitative calculations,Https://www.cambridge.org/core/journals/plant-genetic-resources/article/association-analysis-of-grain-mould-resistance-in-a-core-collection-of-npgs-ethiopian-sorghum-germplasm/A26623540E4557FD66683B493B89DDA7,The recorded SHA-256 identifies the source file used for this study.
gaffoor_2021_pennsylvania_anthracnose_pdf,ref_gaffoor_pennsylvania_anthracnose_2021,ref_gaffoor_pennsylvania_anthracnose_2021,Phenotype data,Verified,https://oar.icrisat.org/13037/,https://oar.icrisat.org/13037/,gaffoor_2021_pennsylvania_anthracnose_10.1002_csc2.20486.pdf,Single file,,2026-07-14,3105246,3babc7aa4e67f8237d8c93c2b8515fb202925f4b9bf1ef732c9384294ad62fcc,,,Used in quantitative calculations,Https://oar.icrisat.org/13037/,"The recorded SHA-256 identifies the public source examined for quantitative tables and literature coverage. Rights information: The PDF carries the 2021 author and Crop Science Society of America copyright notice; ICRISAT provides public read access, and redistribution follows the publisher terms."
girma_ethiopian_head_smut_2019_phenotype_xlsx,ref_girma_ethiopian_head_smut_2019,ref_girma_ethiopian_head_smut_2019,Phenotype data,Verified,https://purr.purdue.edu/publications/3189/1,https://purr.purdue.edu/publications/3189/serve/1?render=archive,10_4231_PYQV-AT79.zip,Zip,10_4231_PYQV-AT79/bundle.zip::www/purr/app/site/publications/03189/02256/bp2bthe5jh/Girma et al_PhenotypeData.xlsx,2026-07-14,449963724,6e2c5fd4126a691ffb85b83f7c07583a50e7e371aee68d15a5eb33736f210e84,213063,0fb495bebc851ea03e9679204b8b0499aa46154264ee326062cb6c48e48d08d6,Used in quantitative calculations,Https://purr.purdue.edu/publications/3189/1,The recorded SHA-256 values identify both the downloaded archive and the source file used for this study.
haplotype_grain_mold_2026_workbook,prom_haplotype_grain_mold_2026,,Supporting metadata,Verified,https://link.springer.com/article/10.1007/s00122-026-05222-9,https://static-content.springer.com/esm/art%3A10.1007%2Fs00122-026-05222-9/MediaObjects/122_2026_5222_MOESM1_ESM.xlsx,122_2026_5222_MOESM1_ESM.xlsx,Single file,,2026-07-14,167958,8c17d617dac77811ff514bcc43060030702018fa3a7798a98587e317f5c842d0,,,Supporting source,Https://link.springer.com/article/10.1007/s00122-026-05222-9,The recorded SHA-256 identifies the source file used for this study.
head_smut_isolate_variability_2024_xml,prom_head_smut_isolate_variability_2024,prom_head_smut_isolate_variability_2024,Phenotype data,Verified,https://pmc.ncbi.nlm.nih.gov/articles/PMC10820674/,https://www.ebi.ac.uk/europepmc/webservices/rest/PMC10820674/fullTextXML,PMC10820674.xml,Single file,,2026-07-14,91541,d54cad16c4e484f82c4d9abe7f6c40b281a52a8fe075fa93cec188bb7fdf4d7a,,,Used in quantitative calculations,Https://pmc.ncbi.nlm.nih.gov/articles/PMC10820674/,The recorded SHA-256 identifies the source file used for this study.
koima_kenya_anthracnose_2023_supplement_zip,ref_koima_kenya_anthracnose_2023,ref_koima_kenya_anthracnose_2023,Supporting metadata,Verified,https://www.mdpi.com/2309-608X/9/1/100,https://mdpi-res.com/d_attachment/jof/jof-09-00100/article_deploy/jof-09-00100-s001.zip,jof-09-00100-s001.zip,Zip,Jof-2060908-supplementary.pdf,2026-07-14,301987,7472db34e38f61d648a2584dfb6415836ee400fda4921d20eadbc85215358538,313214,1ae26c8c0db7931dea0d8beb5402af5036e1d0291dffb2636f5c64e8a2ea7e80,Supporting source,Https://www.mdpi.com/2309-608X/9/1/100,The recorded SHA-256 values identify both the downloaded archive and the source file used for this study.
koima_kenya_anthracnose_2023_xml,ref_koima_kenya_anthracnose_2023,ref_koima_kenya_anthracnose_2023,Phenotype data,Verified,https://www.mdpi.com/2309-608X/9/1/100,https://www.ebi.ac.uk/europepmc/webservices/rest/PMC9864066/fullTextXML,PMC9864066.xml,Single file,,2026-07-14,206083,486a6c796878c99e38025e63da34b1dea1fab2a0fb4764524ad2ebd32796149e,,,Used in quantitative calculations,Https://www.mdpi.com/2309-608X/9/1/100,The recorded SHA-256 identifies the source file used for this study.
mekonen_ethiopia_anthracnose_pathotypes_2024_xml,ref_mekonen_ethiopia_anthracnose_pathotypes_2024,ref_mekonen_ethiopia_anthracnose_pathotypes_2024,Phenotype data,Verified,https://www.frontiersin.org/journals/microbiology/articles/10.3389/fmicb.2024.1458450/full,https://www.frontiersin.org/journals/microbiology/articles/10.3389/fmicb.2024.1458450/xml/nlm,fmicb.2024.1458450.xml,Single file,,2026-07-14,147967,78af8376ea5a5275855a842f662f5ba916e22ed2b79c7fcc9a959177493fa909,,,Used in quantitative calculations,Https://www.frontiersin.org/journals/microbiology/articles/10.3389/fmicb.2024.1458450/full,The recorded SHA-256 identifies the source file used for this study.
mengistu_ethiopia_anthracnose_2021_s1_csv,ref_mengistu_ethiopia_anthracnose_2021,ref_mengistu_ethiopia_anthracnose_2021,Phenotype data,Verified,https://journals.plos.org/plosone/article?id=10.1371/journal.pone.0261461,https://journals.plos.org/plosone/article/file?type=supplementary&id=info:doi/10.1371/journal.pone.0261461.s001,pone.0261461.s001.csv,Single file,,2026-07-14,6990,d00ca25ed2cca55dd3e82270f421196dc29ea2d634a127db5b4dfa2a3300807d,,,Used in quantitative calculations,Https://journals.plos.org/plosone/article?id=10.1371/journal.pone.0261461,The recorded SHA-256 identifies the source file used for this study.
minicore_multidisease_2019_docx,prom_minicore_multidisease_2019,prom_minicore_multidisease_2019,Phenotype data,Verified,https://plos.figshare.com/articles/journal_contribution/Genome_wide_association_analysis_of_sorghum_mini_core_lines_regarding_anthracnose_downy_mildew_and_head_smut/8125778,https://ndownloader.figshare.com/files/15146012,pone.0216671.s001.docx,Single file,,2026-07-14,52681,87abfe0bc2f7c9cc33f27953074d9debc82517b5213b001315faf15a2ee937fe,,,Used in quantitative calculations,Https://plos.figshare.com/articles/journal_contribution/Genome_wide_association_analysis_of_sorghum_mini_core_lines_regarding_anthracnose_downy_mildew_and_head_smut/8125778,The recorded SHA-256 identifies the source file used for this study.
minicore_multidisease_reanalysis_2026_unrecovered_source,minicore_multidisease_reanalysis_2026,,Phenotype data,Source file identified but not retrieved,https://bmcplantbiol.biomedcentral.com/articles/10.1186/s12870-026-08468-z,https://static-content.springer.com/esm/art%3A10.1186%2Fs12870-026-08468-z/MediaObjects/12870_2026_8468_MOESM2_ESM.xlsx,12870_2026_8468_MOESM2_ESM.xlsx,Single file,,,,,,,Supporting source,Https://bmcplantbiol.biomedcentral.com/articles/10.1186/s12870-026-08468-z,The 2019 report supplies the multidisease responses used in the 2026 reanalysis.
multitrait_reanalysis_2023_zip,prom_multitrait_reanalysis_2023,,Phenotype data,Verified,https://pmc.ncbi.nlm.nih.gov/articles/PMC10302846/,https://mdpi-res.com/d_attachment/pathogens/pathogens-12-00779/article_deploy/pathogens-12-00779-s001.zip,pathogens-12-00779-s001.zip,Zip,Pathogens-2386562-supplementary.xlsx,2026-07-14,51640,5e80adfea5640fadb610a2c3b99f6ecf02c755d2f4369d126742dadaa4cea6c1,54488,db845c41186adaccf9b7d76b3dac6eb7eb89f9cb2a6f7d4d5c612f3e5abf546f,Supporting source,Https://pmc.ncbi.nlm.nih.gov/articles/PMC10302846/,The recorded SHA-256 values identify both the downloaded archive and the source file used for this study.
onegen_0022_burundi_anthracnose_pdf,ref_erpelding_burundi_anthracnose_2010,ref_erpelding_burundi_anthracnose_2010,Phenotype data,Verified,https://doi.org/10.5251/abjna.2010.1.6.1119.1125,https://doi.org/10.5251/abjna.2010.1.6.1119.1125,onegen_0022_anthracnose_disease_response_in_the_burundi_sorghum_germplasm_collection.pdf,Single file,,2026-07-14,89424,27e04ab6a09148c7692fd29a21a38eca8a0b9948c9d49388ae3ec872d35cb437,,,Used in quantitative calculations,Https://doi.org/10.5251/abjna.2010.1.6.1119.1125,The recorded SHA-256 identifies the public source examined for quantitative tables and literature coverage. Rights information: The PDF carries the 2010 ScienceHuβ copyright notice; redistribution follows the publisher terms.
onegen_0023_botswana_anthracnose_pdf,ref_erpelding_botswana_anthracnose_2011,ref_erpelding_botswana_anthracnose_2011,Phenotype data,Verified,https://doi.org/10.17221/34/2010-PPS,https://doi.org/10.17221/34/2010-PPS,erpelding_2011_botswana_anthracnose_10.17221_34_2010-PPS.pdf,Single file,,2026-07-14,423822,a4524902ca469b56e3f120194f905ab894f9336d43cd5b34a0a5d3e090cec3f2,,,Used in quantitative calculations,Https://doi.org/10.17221/34/2010-PPS,The recorded SHA-256 identifies the public source examined for quantitative tables and literature coverage. Rights information: The journal landing page states CC BY-NC 4.0.
onegen_0119_mopti_anthracnose_pdf,ref_erpelding_mopti_anthracnose_2010,ref_erpelding_mopti_anthracnose_2010,Phenotype data,Verified,https://doi.org/10.3844/ajabssp.2010.363.369,https://doi.org/10.3844/ajabssp.2010.363.369,onegen_0119_field_assessment_of_anthracnose_disease_response_for_the_sorghum_germplasm_collection_from.pdf,Single file,,2026-07-14,62827,2298b183a2e7983a73b1f091d7ac945125309bfa75cd1d46aea6981f6a74321d,,,Used in quantitative calculations,Https://doi.org/10.3844/ajabssp.2010.363.369,The recorded SHA-256 identifies the public source examined for quantitative tables and literature coverage. Rights information: The PDF carries the 2010 Science Publications copyright notice; redistribution follows the publisher terms.
onegen_0121_sikasso_anthracnose_pdf,ref_erpelding_sikasso_mali_anthracnose_2008,ref_erpelding_sikasso_mali_anthracnose_2008,Phenotype data,Verified,https://doi.org/10.2174/1874331500802010113,https://doi.org/10.2174/1874331500802010113,erpelding_2008_sikasso_anthracnose_10.2174_1874331500802010113.pdf,Single file,,2026-07-14,595220,87d71e0031bd89a068656a7bd8301d347c7c2cbb1917dab026926939ca4781ab,,,Used in quantitative calculations,Https://doi.org/10.2174/1874331500802010113,The recorded SHA-256 identifies the public source examined for quantitative tables and literature coverage. Rights information: PDF copyright line explicitly states Creative Commons Attribution-Non-Commercial 3.0.
onegen_0166_barbosa_downy_mildew_pdf,ref_barbosa_brazil_downy_mildew_2004,ref_barbosa_brazil_downy_mildew_2004,Phenotype data,Verified,https://www.scielo.br/j/fb/a/twF3m7JSNJbFjFcXZVFRmBk/,https://www.scielo.br/j/fb/a/twF3m7JSNJbFjFcXZVFRmBk/,onegen_0166_identification_of_sources_of_resistance_in_sorghum_to_peronosclerospora_sorghi.pdf,Single file,,2026-07-14,197007,caa79a851d4351d5a8f1a708a8dc986c3e91aa3af1a03d72978fd84b50530264,,,Used in quantitative calculations,Https://www.scielo.br/j/fb/a/twF3m7JSNJbFjFcXZVFRmBk/,The recorded SHA-256 identifies the public source examined for quantitative tables and literature coverage. Rights information: SciELO provides public PDF access; redistribution follows the article and repository terms.
onegen_0179_redlan_inheritance_html,ref_erpelding_redlan_anthracnose_2007,ref_erpelding_redlan_anthracnose_2007,Phenotype data,Verified,https://scialert.net/fulltext/?doi=ppj.2007.187.190,https://scialert.net/fulltext/?doi=ppj.2007.187.190,onegen_0179.html,Single file,,2026-07-14,107201,2a9c42a93c310240c5165cc97e897af8f8fb95f7ac4688117a1a74fddd90b8b2,,,Used in quantitative calculations,Https://scialert.net/fulltext/?doi=ppj.2007.187.190,The recorded SHA-256 identifies the public source examined for quantitative tables and literature coverage. Rights information: The publisher provides public HTML access; redistribution follows the publisher terms.
onegen_0225_komolong_ergot_ovary_pdf,ref_komolong_ergot_ovary_2003,ref_komolong_ergot_ovary_2003,Phenotype data,Verified,https://era.dpi.qld.gov.au/id/eprint/10542/,https://era.dpi.qld.gov.au/id/eprint/10542/,onegen_0225_ovary_colonization_ergot_qld_repository.pdf,Single file,,2026-07-14,221575,27e58147d2dbdfc37f297c9fd615aaccea5f1730660a15b9786ac11138238374,,,Used in quantitative calculations,Https://era.dpi.qld.gov.au/id/eprint/10542/,"The recorded SHA-256 identifies the public source examined for quantitative tables and literature coverage. Rights information: The PDF carries the 2003 BSPP and Wiley copyright terms; the Queensland repository provides public read access, and redistribution follows those terms."
onegen_0231_mali_anthracnose_gxe_pdf,ref_hess_mali_anthracnose_2002,ref_hess_mali_anthracnose_2002,Phenotype data,Verified,https://oar.icrisat.org/5090/,https://oar.icrisat.org/5090/,onegen_0231_pattern_analysis_anthracnose_mali_icrisat.pdf,Single file,,2026-07-14,237341,dde0e1546e7e3a3bf2ce5ed674cc6ad0920e59f0d0ef03cf7c10e44fd9d3e6fe,,,Used in quantitative calculations,Https://oar.icrisat.org/5090/,"The recorded SHA-256 identifies the public source examined for quantitative tables and literature coverage. Rights information: The PDF carries the 2002 American Phytopathological Society copyright notice; ICRISAT provides public read access, and redistribution follows the publisher terms."
panelA_pr_multidisease_public_csv,panelA_pr_multidisease,panelA_pr_multidisease,Phenotype data,Verified,https://agdatacommons.nal.usda.gov/articles/dataset/25707396,https://ndownloader.figshare.com/files/45921822,Prom_LK_Data_2017_2018_Diseaase_traits.csv,Single file,,2026-07-14,63257,b5829c926e182b709df6096cfaf6a1581106e463ac4106241f2484148d0e64d0,,,Used in quantitative calculations,Https://agdatacommons.nal.usda.gov/articles/dataset/25707396,The recorded SHA-256 identifies the source file used for this study.
panelB_wa_leafblight_public_csv,panelB_wa_leafblight,panelB_wa_leafblight,Phenotype data,Verified,https://agdatacommons.nal.usda.gov/articles/dataset/25843822,https://ndownloader.figshare.com/files/46382200,Prom_GWAS_Leaf_Blight_2022.csv,Single file,,2026-07-14,17950,11db868ef72afd815e1b9757ab0e9e63d0334c4b48a9a1612183b167e590af7b,,,Used in quantitative calculations,Https://agdatacommons.nal.usda.gov/articles/dataset/25843822,The recorded SHA-256 identifies the source file used for this study.
prom_accession_anthracnose_grain_mold_2020_pdf,prom_accession_anthracnose_grain_mold_2020,prom_accession_anthracnose_grain_mold_2020,Phenotype data,Verified,https://doi.org/10.9734/JEAI/2020/v42i130453,https://doi.org/10.9734/JEAI/2020/v42i130453,prom_accession_anthracnose_grain_mold_2020.pdf,Single file,,2026-07-14,240344,0a42f44d6ea147d60d2681b3864d33efdc767aa3041b1ca3584e2f9315eafd94,,,Used in quantitative calculations,Https://doi.org/10.9734/JEAI/2020/v42i130453,The recorded SHA-256 identifies the public source examined for quantitative tables and literature coverage. Rights information: PDF page 11 CC BY 4.0 statement.
prom_accession_anthracnose_grain_mold_2020_unrecovered_source,prom_accession_anthracnose_grain_mold_2020,,Phenotype data,Bibliographic information only,https://doi.org/10.9734/jeai/2020/v42i130453,,main article tables,Single file,,,,,,,Supporting source,Https://doi.org/10.9734/jeai/2020/v42i130453,The source reports the accession-by-disease table. The source also describes disease-specific scales and inoculation context.
prom_agronomic_grain_mold_senegal_2026_pdf,prom_agronomic_grain_mold_senegal_2026,prom_agronomic_grain_mold_senegal_2026,Phenotype data,Verified,https://doi.org/10.4236/ajps.2026.173020,https://www.scirp.org/pdf/ajps_2606255.pdf,prom_agronomic_grain_mold_senegal_2026.pdf,Single file,,2026-07-14,1557737,347a6684e9d8320e368e5e5c2a75818ba5c14c397b5418ffbaf3b6ff869fe7d3,,,Used in quantitative calculations,Https://doi.org/10.4236/ajps.2026.173020,The recorded SHA-256 identifies the public source examined for quantitative tables and literature coverage. Rights information: PDF page 1 states Creative Commons Attribution International License (CC BY 4.0).
prom_anthracnose_final_report_2018_unrecovered_source,prom_anthracnose_final_report_2018,,Phenotype data,Bibliographic information only,https://doi.org/10.2172/1901798,,project final report and linked records,Single file,,,,,,,Supporting source,Https://doi.org/10.2172/1901798,The report and linked records identify the original accession-level phenotype sources and publications based on the same measurements.
prom_anthracnose_pathotypes_2012_unrecovered_source,prom_anthracnose_pathotypes_2012,,Phenotype data,Bibliographic information only,https://doi.org/10.1007/s10658-012-9946-z,,main article tables,Single file,,,,,,,Supporting source,Https://doi.org/10.1007/s10658-012-9946-z,The source reports an isolate-by-differential matrix; the 2023 and 2024 pathotype studies report the corresponding isolate identities.
prom_anthracnose_screening_method_2009_pdf,ref_prom_anthracnose_screening_method_2009,,Methods,Verified,https://www.openagriculturejournal.com/VOLUME/3/PAGE/20/FULLTEXT/,https://www.openagriculturejournal.com/contents/volumes/V3/TOASJ-3-20/TOASJ-3-20.pdf,TOASJ-3-20.pdf,Single file,,2026-07-14,1532747,0d42d8378bc22d1952436c19bde58ed9c4b102055df6db43b314e73b4e36db81,,,Supporting source,Https://www.openagriculturejournal.com/VOLUME/3/PAGE/20/FULLTEXT/,The recorded SHA-256 identifies the source file used for this study.
prom_btx643_loose_kernel_smut_2017_unrecovered_source,prom_btx643_loose_kernel_smut_2017,,Other,Bibliographic information only,https://openalex.org/W3155500161,,main article tables,Single file,,,,,,,Supporting source,Https://openalex.org/W3155500161,BTx643 was evaluated against multiple loose-kernel-smut isolates; multi-accession screens supply comparative germplasm responses.
prom_burkina_south_africa_anthracnose_grain_mold_2015_unrecovered_source,prom_burkina_south_africa_anthracnose_grain_mold_2015,,Phenotype data,Bibliographic information only,https://doi.org/10.1016/j.cropro.2015.10.007,,main article tables,Single file,,,,,,,Supporting source,Https://doi.org/10.1016/j.cropro.2015.10.007,The source reports accession-by-disease values in disease-specific environments and scales.
prom_canopy_anthracnose_2026_unrecovered_source,prom_canopy_anthracnose_2026,,Phenotype data,Bibliographic information only,https://doi.org/10.1094/PDIS-04-26-0770-RE,,article and supplementary files,Single file,,,,,,,Supporting source,Https://doi.org/10.1094/PDIS-04-26-0770-RE,The source reports sorghum line severity for blade and midrib assays and observations of Johnsongrass.
prom_cg1_anthracnose_mapping_2008_unrecovered_source,prom_cg1_anthracnose_mapping_2008,,Phenotype data,Bibliographic information only,https://doi.org/10.1007/s10681-008-9791-5,,article tables,Single file,,,,,,,Supporting source,Https://doi.org/10.1007/s10681-008-9791-5,The source reports disease phenotypes for members of the mapping family.
prom_chad_uganda_downy_mildew_2010_unrecovered_source,prom_chad_uganda_downy_mildew_2010,,Phenotype data,Bibliographic information only,https://doi.org/10.1007/BF03356326,,main article tables,Single file,,,,,,,Supporting source,Https://doi.org/10.1007/BF03356326,The source reports accession-by-location incidence values.
prom_china_ergot_2008_pdf,prom_china_ergot_2008,prom_china_ergot_2008,Phenotype data,Verified,https://doi.org/10.1094/PHP-2008-0519-01-RS,https://apsjournals.apsnet.org/doi/10.1094/PHP-2008-0519-01-RS,prom_china_ergot_2008.pdf,Single file,,2026-07-14,142191,4ee5de50396871c58d2548e7e281adedee3d5f37c1f175a804abda3aacb89a1e,,,Used in quantitative calculations,Https://doi.org/10.1094/PHP-2008-0519-01-RS,The recorded SHA-256 identifies the public source examined for quantitative tables and literature coverage. Rights information: The publisher page and PDF carry copyright notices; redistribution follows the publisher terms.
prom_china_ergot_2008_unrecovered_source,prom_china_ergot_2008,,Phenotype data,Bibliographic information only,https://doi.org/10.1094/PHP-2008-0519-01-RS,,main article tables,Single file,,,,,,,Supporting source,Https://doi.org/10.1094/PHP-2008-0519-01-RS,The source reports the article tables. The source also describes the reported ergot endpoint and screening environment.
prom_chinese_downy_anthracnose_2007_pdf,prom_chinese_downy_anthracnose_2007,prom_chinese_downy_anthracnose_2007,Phenotype data,Verified,https://www.ars.usda.gov/research/publications/publication/?seqNo115=207199,http://agrobiol.sggw.pl/~cbcs/articles/CBCS_2_1_4.pdf,prom_chinese_downy_anthracnose_2007.pdf,Single file,,2026-07-14,178956,bb76da5a0df3e6dfbc7bfd51b9d5652fc0e8f14074cca5ae7c9e4675f88d2555,,,Used in quantitative calculations,Https://www.ars.usda.gov/research/publications/publication/?seqNo115=207199,The recorded SHA-256 identifies the public source examined for quantitative tables and literature coverage. Rights information: The PDF carries the journal copyright notice; redistribution follows the publisher terms.
prom_chinese_downy_anthracnose_2007_unrecovered_source,prom_chinese_downy_anthracnose_2007,,Phenotype data,Bibliographic information only,http://agrobiol.sggw.pl/~cbcs/articles/CBCS_2_1_4.pdf,,article PDF tables,Single file,,,,,,,Supporting source,Http://agrobiol.sggw.pl/~cbcs/articles/CBCS_2_1_4.pdf,The public accession-by-disease tables report anthracnose and downy-mildew responses for named accessions.
prom_commercial_field_fungal_diversity_2025_unrecovered_source,prom_commercial_field_fungal_diversity_2025,,Other,Bibliographic information only,https://doi.org/10.5539/jps.v14n1p10,,main article tables,Single file,,,,,,,Supporting source,Https://doi.org/10.5539/jps.v14n1p10,The study reports fungal diversity in commercial production fields; named-accession screens report germplasm-level disease responses.
prom_converted_lines_anthracnose_downy_2016_pdf,prom_converted_lines_anthracnose_downy_2016,prom_converted_lines_anthracnose_downy_2016,Phenotype data,Verified,https://econpapers.repec.org/article/arpjacarp/2016_3ap_3a101-106.htm,https://econpapers.repec.org/article/arpjacarp/2016_3ap_3a101-106.htm,prom_converted_lines_anthracnose_downy_2016.pdf,Single file,,2026-07-14,508379,3a2d6a3769c08a5669b024f898a176870086c7eb3465a22f877c9c34cdd3801d,,,Used in quantitative calculations,Https://econpapers.repec.org/article/arpjacarp/2016_3ap_3a101-106.htm,The recorded SHA-256 identifies the public source examined for quantitative tables and literature coverage. Rights information: The journal page states CC BY 4.0.
prom_converted_lines_anthracnose_downy_2016_unrecovered_source,prom_converted_lines_anthracnose_downy_2016,,Phenotype data,Bibliographic information only,https://econpapers.repec.org/article/arpjacarp/2016_3ap_3a101-106.htm,,main article tables,Single file,,,,,,,Supporting source,Https://econpapers.repec.org/article/arpjacarp/2016_3ap_3a101-106.htm,The source reports anthracnose and downy-mildew responses for named lines on their original scales.
prom_converted_lines_grain_biodeterioration_2016_pdf,prom_converted_lines_grain_biodeterioration_2016,prom_converted_lines_grain_biodeterioration_2016,Phenotype data,Verified,https://doi.org/10.3923/ppj.2017.19.24,https://doi.org/10.3923/ppj.2017.19.24,prom_converted_lines_grain_biodeterioration_2016.pdf,Single file,,2026-07-14,270108,473176e5a3be22bb1a07eba3d054f234f31dc2d4f40e4a4f1b8f0e090b28a70d,,,Used in quantitative calculations,Https://doi.org/10.3923/ppj.2017.19.24,The recorded SHA-256 identifies the public source examined for quantitative tables and literature coverage. Rights information: PDF page 2 copyright statement.
prom_converted_lines_grain_biodeterioration_2016_unrecovered_source,prom_converted_lines_grain_biodeterioration_2016,,Phenotype data,Bibliographic information only,https://doi.org/10.3923/ppj.2017.19.24,,main article tables,Single file,,,,,,,Supporting source,Https://doi.org/10.3923/ppj.2017.19.24,"The source reports line ratings, germination, inoculated biodeterioration, and field grain-mold scales."
prom_crops_anthracnose_grain_mold_2024_unrecovered_source,prom_crops_anthracnose_grain_mold_2024,,Other,Source file identified but not retrieved,https://www.mdpi.com/2673-7655/4/4/45,https://www.mdpi.com/article/10.3390/crops4040045/s1,Table S1: accession list only,Single file,,,,,,,Supporting source,Https://www.mdpi.com/2673-7655/4/4/45,"The public supplement lists accessions, and the source tables pair named accessions with disease responses."
prom_cultivar_fungal_germination_2004_unrecovered_source,prom_cultivar_fungal_germination_2004,,Phenotype data,Bibliographic information only,https://doi.org/10.1300/J153v06n01_03,,main article tables,Single file,,,,,,,Supporting source,Https://doi.org/10.1300/J153v06n01_03,The source reports germination and fungal recovery for named cultivars as distinct endpoints.
prom_cultivar_isolate_anthracnose_2021_unrecovered_source,prom_cultivar_isolate_anthracnose_2021,,Phenotype data,Bibliographic information only,https://doi.org/10.1016/j.pmpp.2021.101690,,main article tables,Single file,,,,,,,Supporting source,Https://doi.org/10.1016/j.pmpp.2021.101690,The source reports cultivar responses by isolate mixture and inoculum concentration.
prom_dhurrin_head_smut_2025_unrecovered_source,prom_dhurrin_head_smut_2025,,Other,Bibliographic information only,https://www.mdpi.com/2223-7747/14/5/740,,Unavailable,Single file,,,,,,,Supporting source,Https://www.mdpi.com/2223-7747/14/5/740,The study relates dhurrin measurements to head-smut response using disease values reported in the cited screen.
prom_differentials_other_diseases_niger_2020_pdf,prom_differentials_other_diseases_niger_2020,prom_differentials_other_diseases_niger_2020,Phenotype data,Verified,https://doi.org/10.32861/jac.61.1.4,https://doi.org/10.32861/jac.61.1.4,prom_differentials_other_diseases_niger_2020.pdf,Single file,,2026-07-14,405473,5d3acb61348e33d6398bf09d2d869d39c8a25bb251826438da89861bb63ec276,,,Used in quantitative calculations,Https://doi.org/10.32861/jac.61.1.4,The recorded SHA-256 identifies the public source examined for quantitative tables and literature coverage. Rights information: PDF page 1.
prom_differentials_other_diseases_niger_2020_unrecovered_source,prom_differentials_other_diseases_niger_2020,,Phenotype data,Bibliographic information only,https://doi.org/10.32861/jac.61.1.4,,main article tables,Single file,,,,,,,Supporting source,Https://doi.org/10.32861/jac.61.1.4,The source reports disease-specific responses for the differential lines.
prom_downy_mildew_markers_pathotypes_2008_unrecovered_source,prom_downy_mildew_markers_pathotypes_2008,,Phenotype data,Bibliographic information only,https://doi.org/10.1186/1471-2156-9-77,,article and supplementary files,Single file,,,,,,,Supporting source,Https://doi.org/10.1186/1471-2156-9-77,The article and supplements report line-by-isolate disease responses and molecular-marker data relevant to downy-mildew pathotypes.
prom_eight_cultivars_fungal_inoculation_2003_unrecovered_source,prom_eight_cultivars_fungal_inoculation_2003,,Phenotype data,Bibliographic information only,https://doi.org/10.1016/S0261-2194(02)00246-6,,main article tables,Single file,,,,,,,Supporting source,Https://doi.org/10.1016/S0261-2194(02)00246-6,The source reports cultivar-by-inoculum values.
prom_ergot_inoculation_genotypes_2005_unrecovered_source,prom_ergot_inoculation_genotypes_2005,,Phenotype data,Bibliographic information only,https://doi.org/10.1300/J153v07n01_02,,main article tables,Single file,,,,,,,Supporting source,Https://doi.org/10.1300/J153v07n01_02,The source reports genotype responses by inoculation technique.
prom_ergot_is8525_2006_unrecovered_source,prom_ergot_is8525_2006,,Other,Bibliographic information only,https://doi.org/10.3923/ppj.2006.216.220,,main article tables,Single file,,,,,,,Supporting source,Https://doi.org/10.3923/ppj.2006.216.220,IS8525 was evaluated for ergot response in a single-genotype experiment; multi-accession screens supply comparative germplasm responses.
prom_ergot_severity_mexico_us_2008_pdf,prom_ergot_severity_mexico_us_2008,prom_ergot_severity_mexico_us_2008,Phenotype data,Verified,https://www.redalyc.org/articulo.oa?id=61226204,https://www.redalyc.org/pdf/612/61226204.pdf,prom_ergot_severity_mexico_us_2008.pdf,Single file,,2026-07-14,181423,571b7a8e5ea0fab0b4ec1696fa067d0553588ffa658708645497719dfdf0609c,,,Used in quantitative calculations,Https://www.redalyc.org/articulo.oa?id=61226204,The recorded SHA-256 identifies the public source examined for quantitative tables and literature coverage. Rights information: The Redalyc repository provides public read access; reuse follows the publisher's stated terms.
prom_ergot_severity_mexico_us_2008_unrecovered_source,prom_ergot_severity_mexico_us_2008,,Phenotype data,Bibliographic information only,https://openalex.org/W1662864960,,main article tables,Single file,,,,,,,Supporting source,Https://openalex.org/W1662864960,The original article provides location-specific severity and susceptibility measures.
prom_ethiopia_anthracnose_2009_spanish_unrecovered_source,prom_ethiopia_anthracnose_2009_spanish,,Phenotype data,Bibliographic information only,https://doi.org/10.46429/jaupr.v93i3-4.5467,,main article tables,Single file,,,,,,,Supporting source,Https://doi.org/10.46429/jaupr.v93i3-4.5467,The Spanish-language source reports accession-level anthracnose responses and study environments.
prom_ethiopia_anthracnose_pathotypes_2021_unrecovered_source,prom_ethiopia_anthracnose_pathotypes_2021,,Phenotype data,Bibliographic information only,https://doi.org/10.1080/03235408.2021.1988842,,main article tables,Single file,,,,,,,Supporting source,Https://doi.org/10.1080/03235408.2021.1988842,The source reports anthracnose responses of differential lines to individual pathogen isolates.
prom_ethiopia_anthracnose_subset_2022_pdf,prom_ethiopia_anthracnose_subset_2022,prom_ethiopia_anthracnose_subset_2022,Phenotype data,Verified,https://doi.org/10.4236/ajps.2022.1312095,https://doi.org/10.4236/ajps.2022.1312095,prom_ethiopia_anthracnose_subset_2022.pdf,Single file,,2026-07-14,426263,273220ca1afcc9367546d7afa14873e6a20f7cb3a0403a7a5b86e5a24ef6117b,,,Used in quantitative calculations,Https://doi.org/10.4236/ajps.2022.1312095,The recorded SHA-256 identifies the public source examined for quantitative tables and literature coverage. Rights information: PDF page 1.
prom_ethiopia_anthracnose_subset_2022_unrecovered_source,prom_ethiopia_anthracnose_subset_2022,,Phenotype data,Bibliographic information only,https://doi.org/10.4236/ajps.2022.1312095,,main article tables,Single file,,,,,,,Supporting source,Https://doi.org/10.4236/ajps.2022.1312095,"The 2022 and 2019 Ethiopian reports list accessions, environments, and score columns for anthracnose screening."
prom_ethiopia_anthracnose_weather_2010_pdf,prom_ethiopia_anthracnose_weather_2010,prom_ethiopia_anthracnose_weather_2010,Phenotype data,Verified,https://doi.org/10.3923/ppj.2010.39.46,https://scialert.net/fulltext/?doi=ppj.2010.39.46,prom_ethiopia_anthracnose_weather_2010.pdf,Single file,,2026-07-14,594397,51964d0687485aa5ab42784741db20245ce15ae35d453f33992fa4d14d91890f,,,Used in quantitative calculations,Https://doi.org/10.3923/ppj.2010.39.46,The recorded SHA-256 identifies the public source examined for quantitative tables and literature coverage. Rights information: The recovered article provides public read access; reuse follows the publisher's stated terms.
prom_ethiopia_anthracnose_weather_2010_unrecovered_source,prom_ethiopia_anthracnose_weather_2010,,Phenotype data,Bibliographic information only,https://doi.org/10.3923/ppj.2010.39.46,,main article tables,Single file,,,,,,,Supporting source,Https://doi.org/10.3923/ppj.2010.39.46,The source reports genotype-specific severity across observation times.
prom_ethiopia_mali_fusarium_2013_pdf,prom_ethiopia_mali_fusarium_2013,prom_ethiopia_mali_fusarium_2013,Phenotype data,Verified,https://jtropag.kau.in/index.php/ojs2/article/view/286,http://jtropag.kau.in/index.php/ojs2/article/download/286/286,prom_ethiopia_mali_fusarium_2013.pdf,Single file,,2026-07-14,162903,e69e90845321a35006002783a0ccec7bd5e339ded48739908cbac73b94325a78,,,Used in quantitative calculations,Https://jtropag.kau.in/index.php/ojs2/article/view/286,The recorded SHA-256 identifies the public source examined for quantitative tables and literature coverage. Rights information: The public PDF provides read access; reuse follows the publisher's stated terms.
prom_ethiopia_mali_fusarium_2013_unrecovered_source,prom_ethiopia_mali_fusarium_2013,,Phenotype data,Bibliographic information only,http://jtropag.kau.in/index.php/ojs2/article/download/286/286,,article PDF tables,Single file,,,,,,,Supporting source,Http://jtropag.kau.in/index.php/ojs2/article/download/286/286,"The source reports stalk rot, grain infection, and other assay outcomes using its original terminology."
prom_excised_leaf_screen_2015_pdf,prom_excised_leaf_screen_2015,prom_excised_leaf_screen_2015,Phenotype data,Verified,https://doi.org/10.3923/ppj.2016.11.16,https://doi.org/10.3923/ppj.2016.11.16,prom_excised_leaf_screen_2015.pdf,Single file,,2026-07-14,493755,c7b407ea80f03959b4c7108c48a78d9b31f3309819388759cdc78d60f9c2375a,,,Used in quantitative calculations,Https://doi.org/10.3923/ppj.2016.11.16,The recorded SHA-256 identifies the public source examined for quantitative tables and literature coverage. Rights information: article copyright statement says Creative Commons Attribution License.
prom_excised_leaf_screen_2015_unrecovered_source,prom_excised_leaf_screen_2015,,Phenotype data,Bibliographic information only,https://doi.org/10.3923/ppj.2016.11.16,,main article tables,Single file,,,,,,,Supporting source,Https://doi.org/10.3923/ppj.2016.11.16,The source reports excised-leaf endpoints and whole-plant screening results as distinct outcomes.
prom_four_country_anthracnose_2012_pdf,prom_four_country_anthracnose_2012,prom_four_country_anthracnose_2012,Phenotype data,Verified,https://doi.org/10.4236/ajps.2012.31014,https://doi.org/10.4236/ajps.2012.31014,prom_four_country_anthracnose_2012.pdf,Single file,,2026-07-14,231110,d6a9f3cf806fa0a3f705cd109216453fbab087e7c4b2d2d9b883f2fec0ff0983,,,Used in quantitative calculations,Https://www.scirp.org/journal/paperinformation?paperid=16653,"The recorded SHA-256 identifies the public source examined for quantitative tables and literature coverage. Rights information: Official article page footer, https://www.scirp.org/journal/paperinformation?paperid=16653."
prom_four_country_anthracnose_2012_unrecovered_source,prom_four_country_anthracnose_2012,,Phenotype data,Bibliographic information only,https://doi.org/10.4236/ajps.2012.31014,,main article tables,Single file,,,,,,,Supporting source,Https://doi.org/10.4236/ajps.2012.31014,The source reports accession-level anthracnose values.
prom_gambia_mali_downy_mildew_2014_unrecovered_source,prom_gambia_mali_downy_mildew_2014,,Phenotype data,Bibliographic information only,https://doi.org/10.1007/s10327-014-0557-8,,main article tables,Single file,,,,,,,Supporting source,Https://doi.org/10.1007/s10327-014-0557-8,The source reports accession-by-location and pathotype values from Mexico and United States environments.
prom_grain_mold_cultivars_2005_unrecovered_source,prom_grain_mold_cultivars_2005,,Phenotype data,Bibliographic information only,https://doi.org/10.1021/jf050367t,,main article tables,Single file,,,,,,,Supporting source,Https://doi.org/10.1021/jf050367t,The source reports disease responses and biochemical traits as distinct outcomes for named cultivars.
prom_grain_mold_differentials_pr_2023_pdf,prom_grain_mold_differentials_pr_2023,prom_grain_mold_differentials_pr_2023,Phenotype data,Verified,https://doi.org/10.4236/ajps.2023.1411081,https://doi.org/10.4236/ajps.2023.1411081,prom_grain_mold_differentials_pr_2023.pdf,Single file,,2026-07-14,235554,d2f3eb797cbccc77bd0cf11bc4ab3bea9f33929bbaf88fb14c1fae245438a7a4,,,Used in quantitative calculations,Https://doi.org/10.4236/ajps.2023.1411081,The recorded SHA-256 identifies the public source examined for quantitative tables and literature coverage. Rights information: PDF page 1.
prom_grain_mold_differentials_pr_2023_unrecovered_source,prom_grain_mold_differentials_pr_2023,,Phenotype data,Bibliographic information only,https://doi.org/10.4236/ajps.2023.1411081,,main article tables,Single file,,,,,,,Supporting source,Https://doi.org/10.4236/ajps.2023.1411081,The source reports the article tables. The source also describes the Puerto Rico assay and rating scale as a separate study.
prom_grain_mold_ml_2025_unrecovered_source,prom_grain_mold_ml_2025,,Phenotype data,Bibliographic information only,https://doi.org/10.1038/s41437-025-00783-9,,Unavailable,Single file,,,,,,,Supporting source,Https://doi.org/10.1038/s41437-025-00783-9,The 2025 machine-learning study analyzes grain-mold measurements reported in the cited screening studies.
prom_head_smut_virulence_2011_pdf,prom_head_smut_virulence_2011,prom_head_smut_virulence_2011,Phenotype data,Verified,https://doi.org/10.1094/PDIS-10-10-0720,https://doi.org/10.1094/PDIS-10-10-0720,prom_head_smut_virulence_2011.pdf,Single file,,2026-07-14,626000,306f78db7f323b6356b69812f7ba56bf5876c92eefd635b1d6df8485c1adba4a,,,Used in quantitative calculations,Https://doi.org/10.1094/PDIS-10-10-0720,The recorded SHA-256 identifies the public source examined for quantitative tables and literature coverage. Rights information: PDF page 1: © 2011 The American Phytopathological Society.
prom_head_smut_virulence_2011_unrecovered_source,prom_head_smut_virulence_2011,,Phenotype data,Bibliographic information only,https://doi.org/10.1094/PDIS-10-10-0720,,main article tables,Single file,,,,,,,Supporting source,Https://doi.org/10.1094/PDIS-10-10-0720,The article and supplement report isolate-specific head-smut ratings from an experiment distinct from the later P5 and P6 studies.
prom_hybrid_seed_mycoflora_texas_2014_unrecovered_source,prom_hybrid_seed_mycoflora_texas_2014,,Other,Bibliographic information only,https://doi.org/10.9734/ajea/2015/14590,,main article tables,Single file,,,,,,,Supporting source,Https://doi.org/10.9734/ajea/2015/14590,"The source reports seed-associated fungi, accession-level disease responses, and fungal-isolation frequencies for named hybrids."
prom_leaf_angle_correction_2021_unrecovered_source,prom_leaf_angle_correction_2021,,Other,Bibliographic information only,https://doi.org/10.1038/s41598-021-89272-7,,correction notice,Single file,,,,,,,Supporting source,Https://doi.org/10.1038/s41598-021-89272-7,This correction applies to the 2020 leaf-angle report.
prom_leaf_blight_ml_2026_unrecovered_source,prom_leaf_blight_ml_2026,,Phenotype data,Bibliographic information only,https://doi.org/10.3390/pathogens15040389,,Unavailable,Single file,,,,,,,Supporting source,Https://doi.org/10.3390/pathogens15040389,The 2026 machine-learning report analyzes leaf-blight measurements from the cited screening study; both publications describe the same experiment.
prom_leaf_tissue_anthracnose_defense_2018_unrecovered_source,prom_leaf_tissue_anthracnose_defense_2018,,Other,Bibliographic information only,https://doi.org/10.1016/j.pmpp.2018.12.008,,main article tables,Single file,,,,,,,Supporting source,Https://doi.org/10.1016/j.pmpp.2018.12.008,The source characterizes tissue responses in sorghum and Johnsongrass in a mechanistic experiment; germplasm rankings derive from dedicated screening studies.
prom_leaf_traits_anthracnose_2020_supplementary_table_s2_docx,prom_leaf_traits_anthracnose_2020,prom_leaf_traits_anthracnose_2020,Phenotype data,Verified,https://doi.org/10.1038/s41598-020-79473-x,https://pmc.ncbi.nlm.nih.gov/articles/PMC7749152/,41598_2020_79473_MOESM2_ESM.docx,Single file,,2026-07-14,39862,c3545bd5a83805d7e8e4dadedfaccdcbbb8e9feff859c3585c80d27d547f94f3,,,Used in quantitative calculations,Https://doi.org/10.1038/s41598-020-79473-x,The recorded SHA-256 identifies the public source examined for quantitative tables and literature coverage. Rights information: Corrected article license statement in PMC XML.
prom_leaf_traits_anthracnose_2020_unrecovered_source,prom_leaf_traits_anthracnose_2020,,Phenotype data,Bibliographic information only,https://doi.org/10.1038/s41598-020-79473-x,,article and supplementary files,Single file,,,,,,,Supporting source,Https://doi.org/10.1038/s41598-020-79473-x,"The source reports anthracnose phenotypes, stable line labels, and structural leaf traits."
prom_leaf_traits_anthracnose_2020_xml,prom_leaf_traits_anthracnose_2020,prom_leaf_traits_anthracnose_2020,Supporting metadata,Verified,https://doi.org/10.1038/s41598-020-79473-x,https://pmc.ncbi.nlm.nih.gov/articles/PMC7749152/,prom_leaf_traits_anthracnose_2020.xml,Single file,,2026-07-14,72986,eb12f3289645d950f8cf799e1ed436f4ac14978ebe40abc081ee53533f4c926d,,,Used in quantitative calculations,Https://doi.org/10.1038/s41598-020-79473-x,The recorded SHA-256 identifies the public source examined for quantitative tables and literature coverage. Rights information: PMC XML license statement.
prom_lines_long_smut_grain_mold_2017_pdf,prom_lines_long_smut_grain_mold_2017,prom_lines_long_smut_grain_mold_2017,Phenotype data,Verified,https://doi.org/10.3923/ijpp.2017.23.27,https://doi.org/10.3923/ijpp.2017.23.27,prom_lines_long_smut_grain_mold_2017.pdf,Single file,,2026-07-14,513735,a6e93fbbcf54607c9deac988a76e3eb98967d27b55e82651f54a15f68a6cf6e8,,,Used in quantitative calculations,Https://doi.org/10.3923/ijpp.2017.23.27,The recorded SHA-256 identifies the public source examined for quantitative tables and literature coverage. Rights information: PDF page 2 copyright statement.
prom_lines_long_smut_grain_mold_2017_unrecovered_source,prom_lines_long_smut_grain_mold_2017,,Phenotype data,Bibliographic information only,https://doi.org/10.3923/ijpp.2017.23.27,,main article tables,Single file,,,,,,,Supporting source,Https://doi.org/10.3923/ijpp.2017.23.27,The source reports long-smut and grain-mold responses for named lines; later reports describe related line and hybrid experiments.
prom_mali_anthracnose_2004_pdf,prom_mali_anthracnose_2004,prom_mali_anthracnose_2004,Phenotype data,Verified,https://doi.org/10.3923/ppj.2004.65.71,https://doi.org/10.3923/ppj.2004.65.71,prom_mali_anthracnose_2004.pdf,Single file,,2026-07-14,1017342,a5a787991dfac718d833d56e77bc3b0f2e025d6984a632453b8685bbf973145f,,,Used in quantitative calculations,Https://doi.org/10.3923/ppj.2004.65.71,The recorded SHA-256 identifies the public source examined for quantitative tables and literature coverage. Rights information: The public PDF provides read access; reuse follows the publisher's stated terms.
prom_mali_anthracnose_2004_unrecovered_source,prom_mali_anthracnose_2004,,Phenotype data,Bibliographic information only,https://doi.org/10.3923/ppj.2004.65.71,,main article tables,Single file,,,,,,,Supporting source,Https://doi.org/10.3923/ppj.2004.65.71,The source reports accession-level anthracnose values.
prom_mozambique_anthracnose_2006_pdf,prom_mozambique_anthracnose_2006,prom_mozambique_anthracnose_2006,Phenotype data,Verified,https://doi.org/10.3923/ppj.2006.28.34,https://doi.org/10.3923/ppj.2006.28.34,prom_mozambique_anthracnose_2006.pdf,Single file,,2026-07-14,604789,e70d20a4c5678d12eba1672171808829109be2a1a7e7ad688ebd08d9e1d6507e,,,Used in quantitative calculations,Https://doi.org/10.3923/ppj.2006.28.34,The recorded SHA-256 identifies the public source examined for quantitative tables and literature coverage. Rights information: The public PDF provides read access; reuse follows the publisher's stated terms.
prom_mozambique_anthracnose_2006_unrecovered_source,prom_mozambique_anthracnose_2006,,Phenotype data,Bibliographic information only,https://doi.org/10.3923/ppj.2006.28.34,,main article tables,Single file,,,,,,,Supporting source,Https://doi.org/10.3923/ppj.2006.28.34,The source reports accession-level anthracnose ratings.
prom_near_isogenic_grain_mold_head_smut_2013_unrecovered_source,prom_near_isogenic_grain_mold_head_smut_2013,,Phenotype data,Bibliographic information only,https://doi.org/10.1111/aab.12037,,main article tables,Single file,,,,,,,Supporting source,Https://doi.org/10.1111/aab.12037,Near-isogenic lines were evaluated for grain mold and head smut as distinct disease responses.
prom_niger_disease_incidence_2023_unrecovered_source,prom_niger_disease_incidence_2023,,Other,Bibliographic information only,https://doi.org/10.5539/jps.v12n1p48,,main article tables,Single file,,,,,,,Supporting source,Https://doi.org/10.5539/jps.v12n1p48,"Production-field surveys report the incidence, severity, and prevalence of sorghum diseases in Niger; named-accession screens provide germplasm-level responses."
prom_niger_disease_survey_2020_unrecovered_source,prom_niger_disease_survey_2020,,Other,Bibliographic information only,https://doi.org/10.3923/ppj.2020.106.113,,main article tables,Single file,,,,,,,Supporting source,Https://doi.org/10.3923/ppj.2020.106.113,Production-field surveys document sorghum disease incidence and prevalence in Niger.
prom_niger_senegal_downy_mildew_2024_unrecovered_source,prom_niger_senegal_downy_mildew_2024,,Other,Source file identified but not retrieved,https://doi.org/10.5539/jps.v14n1p1,https://ccsenet.org/journal/index.php/jps/article/download/0/0/51120/55469,article PDF,Single file,,,,,,,Supporting source,Https://doi.org/10.5539/jps.v14n1p1,The article reports study-level downy-mildew results; named-accession studies provide accession-level responses.
prom_panelA_correlation_2024_unrecovered_source,prom_panelA_correlation_2024,,Phenotype data,Bibliographic information only,https://doi.org/10.5539/jps.v13n1p11,,main article and USDA data record,Single file,,,,,,,Supporting source,Https://doi.org/10.5539/jps.v13n1p11,The study reports correlations associated with the Puerto Rico disease measurements from the cited experiment.
prom_planting_depth_head_smut_2014_unrecovered_source,prom_planting_depth_head_smut_2014,,Other,Bibliographic information only,https://doi.org/10.56369/tsaes.1706,,main article tables,Single file,,,,,,,Supporting source,Https://doi.org/10.56369/tsaes.1706,The planting-depth experiment reports head-smut incidence under contrasting planting treatments; named-accession screens provide comparative germplasm responses.
prom_pr10_grain_mold_defense_2009_unrecovered_source,prom_pr10_grain_mold_defense_2009,,Other,Bibliographic information only,https://doi.org/10.1111/j.1364-3703.2009.00580.x,,main article tables,Single file,,,,,,,Supporting source,Https://doi.org/10.1111/j.1364-3703.2009.00580.x,The source reports tissue-expression responses and accession-level disease ratings as distinct outcomes.
prom_pr_mexico_seed_mycoflora_2018_unrecovered_source,prom_pr_mexico_seed_mycoflora_2018,,Phenotype data,Bibliographic information only,https://doi.org/10.3923/ppj.2018.80.86,,main article tables,Single file,,,,,,,Supporting source,Https://doi.org/10.3923/ppj.2018.80.86,"The source reports accession identities, disease responses, fungal-isolation frequencies, and visual grain-mold severity as distinct measures."
prom_ql3_is18760_anthracnose_inheritance_2021_supplementary_table_s1_xlsx,prom_ql3_is18760_anthracnose_inheritance_2021,prom_ql3_is18760_anthracnose_inheritance_2021,Phenotype data,Verified,https://doi.org/10.1038/s41598-021-99994-3,https://pmc.ncbi.nlm.nih.gov/articles/PMC8519964/,41598_2021_99994_MOESM4_ESM.xlsx,Single file,,2026-07-14,1491669,2dea6711beea4c0318b9dc7424fca3ae2e8a77fb13d052eb39517a19341eee48,,,Used in quantitative calculations,Https://doi.org/10.1038/s41598-021-99994-3,The recorded SHA-256 identifies the public source examined for quantitative tables and literature coverage. Rights information: Article license statement in PMC XML.
prom_ql3_is18760_anthracnose_inheritance_2021_unrecovered_source,prom_ql3_is18760_anthracnose_inheritance_2021,,Phenotype data,Bibliographic information only,https://doi.org/10.1038/s41598-021-99994-3,,article and supplementary files,Single file,,,,,,,Supporting source,Https://doi.org/10.1038/s41598-021-99994-3,The phenotype tables report disease responses and family relationships among the progeny.
prom_ql3_is18760_anthracnose_inheritance_2021_xml,prom_ql3_is18760_anthracnose_inheritance_2021,prom_ql3_is18760_anthracnose_inheritance_2021,Phenotype data,Verified,https://doi.org/10.1038/s41598-021-99994-3,https://pmc.ncbi.nlm.nih.gov/articles/PMC8519964/,prom_ql3_is18760_anthracnose_inheritance_2021.xml,Single file,,2026-07-14,148371,bb650ee94e95cc97a89cb165fb8c89858f5e058f0f421a0e0324ddb4a02b918d,,,Used in quantitative calculations,Https://doi.org/10.1038/s41598-021-99994-3,The recorded SHA-256 identifies the public source examined for quantitative tables and literature coverage. Rights information: PMC XML license statement.
prom_rna_seq_anthracnose_2021_unrecovered_source,prom_rna_seq_anthracnose_2021,,Other,Bibliographic information only,https://doi.org/10.3389/fgene.2021.722519,,article and sequence data,Single file,,,,,,,Supporting source,Https://doi.org/10.3389/fgene.2021.722519,RNA sequencing characterizes the anthracnose response of the reported sorghum lines.
prom_sap_anthracnose_2018_unrecovered_source,prom_sap_anthracnose_2018,,Phenotype data,Source file identified but not retrieved,https://acsess.onlinelibrary.wiley.com/doi/10.3835/plantgenome2017.11.0099,https://acsess.onlinelibrary.wiley.com/action/downloadSupplement?doi=10.3835%2Fplantgenome2017.11.0099&file=tpg2plantgenome2017110099-sup-0001.xlsx,tpg2plantgenome2017110099-sup-0001.xlsx,Single file,,,,,,,Supporting source,Https://acsess.onlinelibrary.wiley.com/doi/10.3835/plantgenome2017.11.0099,The publisher-hosted XLSX file reports anthracnose phenotypes for Sorghum Association Panel accessions.
prom_sap_fungal_diversity_2021_unrecovered_source,prom_sap_fungal_diversity_2021,,Phenotype data,Bibliographic information only,https://doi.org/10.33495/jacr_v9i11.21.166,,main article tables,Single file,,,,,,,Supporting source,Https://doi.org/10.33495/jacr_v9i11.21.166,The tables report fungal communities associated with the Texas Sorghum Association Panel grain-mold and anthracnose experiments.
prom_sap_grain_mold_correlations_2021_unrecovered_source,prom_sap_grain_mold_correlations_2021,,Phenotype data,Bibliographic information only,https://doi.org/10.32861/jac.81.7.11,,main article tables,Single file,,,,,,,Supporting source,Https://doi.org/10.32861/jac.81.7.11,The 2021 report analyzes disease measurements from the Texas Sorghum Association Panel screen; both publications describe the same experiment.
prom_sap_grain_mold_pr_2019_unrecovered_source,prom_sap_grain_mold_pr_2019,,Phenotype data,Source file identified but not retrieved,https://acsess.onlinelibrary.wiley.com/doi/10.3835/plantgenome2018.09.0070,https://acsess.onlinelibrary.wiley.com/action/downloadSupplement?doi=10.3835%2Fplantgenome2018.09.0070&file=tpg2plantgenome2018090070-sup-0002.xlsx,tpg2plantgenome2018090070-sup-0002.xlsx,Single file,,,,,,,Supporting source,Https://acsess.onlinelibrary.wiley.com/doi/10.3835/plantgenome2018.09.0070,The original XLSX file reports 2014 Isabela and Mayagüez results and the 2015 and 2016 selected cohort.
prom_sap_grain_mold_snp_reanalysis_2021_unrecovered_source,prom_sap_grain_mold_snp_reanalysis_2021,,Phenotype data,Bibliographic information only,https://www.ars.usda.gov/research/publications/publication/?seqNo115=381329,,main article tables,Single file,,,,,,,Supporting source,Https://www.ars.usda.gov/research/publications/publication/?seqNo115=381329,The 2021 SNP report analyzes grain-mold measurements from the Texas Sorghum Association Panel screen; both publications describe the same experiment.
prom_sap_seed_fungal_community_2020_unrecovered_source,prom_sap_seed_fungal_community_2020,,Phenotype data,Bibliographic information only,https://doi.org/10.32861/jac.71.14.19,,main article tables,Single file,,,,,,,Supporting source,Https://doi.org/10.32861/jac.71.14.19,The source reports seed fungal-community measurements associated with the 2020 Texas Sorghum Association Panel grain-mold experiment.
prom_sc112_inheritance_mapping_2014_unrecovered_source,prom_sc112_inheritance_mapping_2014,,Phenotype data,Bibliographic information only,https://doi.org/10.1007/s11032-014-0151-y,,article and supplementary files,Single file,,,,,,,Supporting source,Https://doi.org/10.1007/s11032-014-0151-y,The source reports disease phenotypes and inheritance-family structure also described in the 2020 SC112 recombinant-inbred-line study.
prom_seed_mycoflora_pr_2006_unrecovered_source,prom_seed_mycoflora_pr_2006,,Phenotype data,Bibliographic information only,https://doi.org/10.3923/ppj.2006.106.112,,main article tables,Single file,,,,,,,Supporting source,Https://doi.org/10.3923/ppj.2006.106.112,The source reports fungal-isolation frequencies and disease-severity ratings as distinct outcomes.
prom_seed_quality_ml_2025_unrecovered_source,prom_seed_quality_ml_2025,,Other,Bibliographic information only,https://doi.org/10.1371/journal.pone.0329366,,article and supplementary files,Single file,,,,,,,Supporting source,Https://doi.org/10.1371/journal.pone.0329366,The 2025 machine-learning report analyzes seed-quality measurements from the cited disease screen.
prom_senegal_8leaf_anthracnose_2021_unrecovered_source,prom_senegal_8leaf_anthracnose_2021,,Phenotype data,Source file identified but not retrieved,https://acsess.onlinelibrary.wiley.com/doi/10.1002/tpg2.20097,https://acsess.onlinelibrary.wiley.com/action/downloadSupplement?doi=10.1002%2Ftpg2.20097&file=tpg220097-sup-0001.xlsx,,Single file,,,,,,,Supporting source,Https://acsess.onlinelibrary.wiley.com/doi/10.1002/tpg2.20097,Retrieval and checksum verification cover the article supplement. Dryad 10.5061/dryad.63h8fd4 contains genotype data from a different source.
prom_senegal_anthracnose_ml_2025_figures_bundle,prom_senegal_anthracnose_ml_2025,,Supporting metadata,Verified,https://link.springer.com/article/10.1007/s10142-025-01797-6,https://www.ebi.ac.uk/europepmc/webservices/rest/PMC12712112/supplementaryFiles,PMC12712112_SupplementaryFiles.zip,Zip,,2026-07-14,472749,8a1dbaecd77dc52d342a5b22493ceefb159661bbbd49dc403dbf24e24c0bfb64,,,Supporting source,Https://link.springer.com/article/10.1007/s10142-025-01797-6,The recorded SHA-256 identifies the source file used for this study.
prom_senegal_disease_occurrence_2020_unrecovered_source,prom_senegal_disease_occurrence_2020,,Other,Bibliographic information only,https://doi.org/10.3923/ppj.2021.1.10,,main article tables,Single file,,,,,,,Supporting source,Https://doi.org/10.3923/ppj.2021.1.10,Production-field surveys document sorghum disease occurrence in Senegal.
prom_senegal_disease_survey_2023_unrecovered_source,prom_senegal_disease_survey_2023,,Other,Bibliographic information only,https://doi.org/10.4236/ajps.2023.148055,,main article tables,Single file,,,,,,,Supporting source,Https://doi.org/10.4236/ajps.2023.148055,Production-field surveys document sorghum diseases in Senegal; named-accession studies provide accession-level responses.
prom_senegal_grain_mold_long_smut_2014_unrecovered_source,prom_senegal_grain_mold_long_smut_2014,,Phenotype data,Bibliographic information only,https://doi.org/10.1094/PHP-RS-13-0128,,main article tables,Single file,,,,,,,Supporting source,Https://doi.org/10.1094/PHP-RS-13-0128,The source reports disease responses measured in Senegal field environments.
prom_senegal_head_smut_crops_2022_unrecovered_source,prom_senegal_head_smut_crops_2022,,Phenotype data,Bibliographic information only,https://www.mdpi.com/2673-7655/2/2/11,,main article Table 1,Single file,,,,,,,Supporting source,Https://www.mdpi.com/2673-7655/2/2/11,The Crops paper reports a 36-accession subset of the larger Plants 2022 experiment; both publications report the same measurements.
prom_six_line_fungal_isolation_2023_unrecovered_source,prom_six_line_fungal_isolation_2023,,Other,Bibliographic information only,https://doi.org/10.32861/jac.91.137.140,,main article tables,Single file,,,,,,,Supporting source,Https://doi.org/10.32861/jac.91.137.140,The source reports fungal-community observations for six named sorghum lines.
prom_sorghum_disease_methods_2023_unrecovered_source,prom_sorghum_disease_methods_2023,,Other,Bibliographic information only,https://doi.org/10.3390/plants12091906,,article,Single file,,,,,,,Supporting source,Https://doi.org/10.3390/plants12091906,The source describes inoculation and screening methods for major fungal diseases of sorghum.
prom_sudan_grain_mold_sources_2009_pdf,prom_sudan_grain_mold_sources_2009,prom_sudan_grain_mold_sources_2009,Phenotype data,Verified,https://doaj.org/article/0631ad81de1a4ab1be92e1b87d8f5266,https://doaj.org/article/0631ad81de1a4ab1be92e1b87d8f5266,prom_sudan_grain_mold_sources_2009.pdf,Single file,,2026-07-14,155105,062344349578d5c0afacd31b5d5c7fde8f3b349159bdca0984e4506eea81b0d4,,,Used in quantitative calculations,Https://doaj.org/article/0631ad81de1a4ab1be92e1b87d8f5266,The recorded SHA-256 identifies the public source examined for quantitative tables and literature coverage. Rights information: The public PDF provides read access; reuse follows the publisher's stated terms.
prom_sudan_grain_mold_sources_2009_unrecovered_source,prom_sudan_grain_mold_sources_2009,,Phenotype data,Bibliographic information only,https://doaj.org/article/0631ad81de1a4ab1be92e1b87d8f5266,,article tables,Single file,,,,,,,Supporting source,Https://doaj.org/article/0631ad81de1a4ab1be92e1b87d8f5266,The source reports accession-level grain-mold values.
prom_texas_hybrid_weathering_fungi_2022_unrecovered_source,prom_texas_hybrid_weathering_fungi_2022,,Phenotype data,Bibliographic information only,https://doi.org/10.1002/csc2.20795,,main article and supporting data,Single file,,,,,,,Supporting source,Https://doi.org/10.1002/csc2.20795,"The source reports disease, weathering, and fungal-community observations for named hybrids."
prom_three_line_anthracnose_inheritance_2018_unrecovered_source,prom_three_line_anthracnose_inheritance_2018,,Phenotype data,Bibliographic information only,https://doi.org/10.3923/ppj.2018.75.79,,main article tables,Single file,,,,,,,Supporting source,Https://doi.org/10.3923/ppj.2018.75.79,The source reports line-by-pathotype responses from an inheritance experiment distinct from broad germplasm screens.
prom_uav_anthracnose_health_2018_unrecovered_source,prom_uav_anthracnose_health_2018,,Phenotype data,Bibliographic information only,https://doi.org/10.1080/15427528.2018.1535462,,main article and any supporting data,Single file,,,,,,,Supporting source,Https://doi.org/10.1080/15427528.2018.1535462,The source reports accession-level anthracnose severity and remote-sensing plant-health measures as distinct outcomes.
prom_uganda_downy_mildew_2019_pdf,prom_uganda_downy_mildew_2019,prom_uganda_downy_mildew_2019,Phenotype data,Verified,https://doi.org/10.13057/biodiv/d201136,https://smujo.id/biodiv/article/view/4429,prom_uganda_downy_mildew_2019.pdf,Single file,,2026-07-14,356860,f6f7b1fb01fe1bc6dbe830f24d877d8eba4ad8a5169bcc028f739c22116b6f0a,,,Used in quantitative calculations,Https://doi.org/10.13057/biodiv/d201136,The recorded SHA-256 identifies the public source examined for quantitative tables and literature coverage. Rights information: The recovered PDF provides public read access; reuse follows the publisher's stated terms.
prom_uganda_downy_mildew_2019_unrecovered_source,prom_uganda_downy_mildew_2019,,Phenotype data,Bibliographic information only,https://doi.org/10.13057/biodiv/d201136,,main article tables,Single file,,,,,,,Supporting source,Https://doi.org/10.13057/biodiv/d201136,The source reports genotype-level downy-mildew values.
prom_uganda_grain_mold_anthracnose_2011_unrecovered_source,prom_uganda_grain_mold_anthracnose_2011,,Phenotype data,Bibliographic information only,https://doi.org/10.1016/j.cropro.2010.12.025,,main article tables,Single file,,,,,,,Supporting source,Https://doi.org/10.1016/j.cropro.2010.12.025,The source reports accession-by-disease values.
prom_us_lines_long_smut_2007_unrecovered_source,prom_us_lines_long_smut_2007,,Phenotype data,Bibliographic information only,https://doi.org/10.1016/j.cropro.2007.03.011,,main article tables,Single file,,,,,,,Supporting source,Https://doi.org/10.1016/j.cropro.2007.03.011,The source reports line-level long-smut incidence values.
prom_us_lines_long_smut_grain_mold_2018_pdf,prom_us_lines_long_smut_grain_mold_2018,prom_us_lines_long_smut_grain_mold_2018,Phenotype data,Verified,https://doi.org/10.32861/jac.411.152.156,https://doi.org/10.32861/jac.411.152.156,prom_us_lines_long_smut_grain_mold_2018.pdf,Single file,,2026-07-14,470669,b520f9afee146174d15cf6cdbbad12e8872449c15e4317056639ff56a8bf3e15,,,Used in quantitative calculations,Https://doi.org/10.32861/jac.411.152.156,The recorded SHA-256 identifies the public source examined for quantitative tables and literature coverage. Rights information: PDF page 1 CC BY 4.0 statement.
prom_us_lines_long_smut_grain_mold_2018_unrecovered_source,prom_us_lines_long_smut_grain_mold_2018,,Phenotype data,Bibliographic information only,https://doi.org/10.32861/jac.411.152.156,,main article tables,Single file,,,,,,,Supporting source,Https://doi.org/10.32861/jac.411.152.156,The source reports long-smut and grain-mold responses for named lines and hybrids.
prom_weather_anthracnose_genotypes_2015_pdf,prom_weather_anthracnose_genotypes_2015,prom_weather_anthracnose_genotypes_2015,Phenotype data,Verified,https://doi.org/10.9734/AJEA/2015/14589,https://doi.org/10.9734/AJEA/2015/14589,prom_weather_anthracnose_genotypes_2015.pdf,Single file,,2026-07-14,292265,3f858ddf81699633e6ee88aac660aadb3086d758d21bffef98193148a806f455,,,Used in quantitative calculations,Https://doi.org/10.9734/AJEA/2015/14589,The recorded SHA-256 identifies the public source examined for quantitative tables and literature coverage. Rights information: PDF page 9 CC BY 4.0 statement.
prom_weather_anthracnose_genotypes_2015_unrecovered_source,prom_weather_anthracnose_genotypes_2015,,Phenotype data,Bibliographic information only,https://doi.org/10.9734/AJEA/2015/14589,,main article tables,Single file,,,,,,,Supporting source,Https://doi.org/10.9734/AJEA/2015/14589,The source reports genotype scores and weather conditions across years from one anthracnose experiment.
prom_zimbabwe_anthracnose_2014_unrecovered_source,prom_zimbabwe_anthracnose_2014,,Phenotype data,Bibliographic information only,https://doi.org/10.1111/pbr.12133,,main article tables,Single file,,,,,,,Supporting source,Https://doi.org/10.1111/pbr.12133,The source reports accession-level disease responses.
prom_zimbabwe_rust_2012_pdf,prom_zimbabwe_rust_2012,prom_zimbabwe_rust_2012,Phenotype data,Verified,https://doi.org/10.3923/ajppaj.2012.33.40,https://doi.org/10.3923/ajppaj.2012.33.40,prom_zimbabwe_rust_2012.pdf,Single file,,2026-07-14,190939,830fbb3a57aefd4225c4695f3db9d0e94761eb8aa6c32cefefba20c6055aea62,,,Used in quantitative calculations,Https://doi.org/10.3923/ajppaj.2012.33.40,The recorded SHA-256 identifies the public source examined for quantitative tables and literature coverage. Rights information: The public PDF provides read access; reuse follows the publisher's stated terms.
prom_zimbabwe_rust_2012_unrecovered_source,prom_zimbabwe_rust_2012,,Phenotype data,Bibliographic information only,https://doi.org/10.3923/ajppaj.2012.33.40,,main article tables,Single file,,,,,,,Supporting source,Https://doi.org/10.3923/ajppaj.2012.33.40,The source reports accession-level rust values and rating scale.
prom_zonate_leaf_spot_2021_pdf,prom_zonate_leaf_spot_2021,prom_zonate_leaf_spot_2021,Phenotype data,Verified,https://doi.org/10.32861/jac.81.35.38,https://doi.org/10.32861/jac.81.35.38,prom_zonate_leaf_spot_2021.pdf,Single file,,2026-07-14,684663,166adbb39848267aab89265629b63233040ac1130c75536ceaf960f110beebc2,,,Used in quantitative calculations,Https://doi.org/10.32861/jac.81.35.38,The recorded SHA-256 identifies the public source examined for quantitative tables and literature coverage. Rights information: PDF page 1.
prom_zonate_leaf_spot_2021_unrecovered_source,prom_zonate_leaf_spot_2021,,Phenotype data,Bibliographic information only,https://doi.org/10.32861/jac.81.35.38,,main article tables,Single file,,,,,,,Supporting source,Https://doi.org/10.32861/jac.81.35.38,The source reports accession-level values from the natural-disease field study.
prom_zonate_rough_leaf_spot_2015_unrecovered_source,prom_zonate_rough_leaf_spot_2015,,Phenotype data,Bibliographic information only,https://doi.org/10.1094/PHP-RS-15-0040,,main article tables,Single file,,,,,,,Supporting source,Https://doi.org/10.1094/PHP-RS-15-0040,The source reports zonate and rough leaf-spot responses as distinct measurements.
ref_aruna_population_breeding_grain_mold_2021_pdf,ref_aruna_population_breeding_grain_mold_2021,ref_aruna_population_breeding_grain_mold_2021,Phenotype data,Verified,https://doi.org/10.3389/fpls.2021.687332,https://doi.org/10.3389/fpls.2021.687332,ref_aruna_population_breeding_grain_mold_2021.pdf,Single file,,2026-07-14,2619633,c67b120079d334a96db2b4f600cc32e1a3299cc1b1870e4a670306e4c303118c,,,Used in quantitative calculations,Https://doi.org/10.3389/fpls.2021.687332,The recorded SHA-256 identifies the public source examined for quantitative tables and literature coverage. Rights information: Article PDF copyright and CC BY statement.
ref_beshir_sudan_leaf_blight_2015_pdf,ref_beshir_sudan_leaf_blight_2015,ref_beshir_sudan_leaf_blight_2015,Phenotype data,Verified,https://www.researchgate.net/publication/301285002_Prevalence_and_severity_of_sorghum_leaf_blight_in_the_sorghum_growing_areas_of_Central_Sudan,https://repository.ruforum.org/sites/default/files/Beshir%20et%20al_2015%20Wudpeker%20Journal.pdf,ref_beshir_sudan_leaf_blight_2015.pdf,Single file,,2026-07-14,236538,b4cf1a5618f533d193919c7125fbf6e68b04aaa40d9bcbc085b5499c5301b3ea,,,Used in quantitative calculations,Https://www.researchgate.net/publication/301285002_Prevalence_and_severity_of_sorghum_leaf_blight_in_the_sorghum_growing_areas_of_Central_Sudan,The recorded SHA-256 identifies the public source examined for quantitative tables and literature coverage. Rights information: RUFORUM provides public file access; redistribution follows the publisher and repository terms.
ref_biruma_anthracnose_loci_2012_unrecovered_source,ref_biruma_anthracnose_loci_2012,,Other,Bibliographic information only,https://link.springer.com/article/10.1007/s00122-011-1764-8,,main article and supplementary molecular data,Single file,,,,,,,Supporting source,Https://link.springer.com/article/10.1007/s00122-011-1764-8,Gene-silencing treatments in two selected genotypes characterize anthracnose-resistance genes.
ref_buiate_brazil_anthracnose_2009_pdf,ref_buiate_brazil_anthracnose_2009,ref_buiate_brazil_anthracnose_2009,Phenotype data,Verified,https://repositorio.ufla.br/items/58707585-2c2b-48a8-9b1c-caaf6d0f85af,https://repositorio.ufla.br/items/58707585-2c2b-48a8-9b1c-caaf6d0f85af,ref_buiate_brazil_anthracnose_2009.pdf,Single file,,2026-07-14,292772,c8c09d537b0034d382507bc80212922ae0690329a0511520e5ae9e4b64c6cfce,,,Used in quantitative calculations,Https://repositorio.ufla.br/items/58707585-2c2b-48a8-9b1c-caaf6d0f85af,The recorded SHA-256 identifies the public source examined for quantitative tables and literature coverage. Rights information: UFLA repository metadata report open access; redistribution follows the repository terms.
ref_costa_brazil_anthracnose_inheritance_2008_pdf,ref_costa_brazil_anthracnose_inheritance_2008,ref_costa_brazil_anthracnose_inheritance_2008,Phenotype data,Verified,https://www.infoteca.cnptia.embrapa.br/handle/doc/491777,https://www.infoteca.cnptia.embrapa.br/handle/doc/491777,ref_costa_brazil_anthracnose_inheritance_2008.pdf,Single file,,2026-07-14,500297,e4fc452c2e4f9270f83c4e25072e024407ada68e7c4f6fcaaf7b7c3fa15dd919,,,Used in quantitative calculations,Https://www.infoteca.cnptia.embrapa.br/handle/doc/491777,The recorded SHA-256 identifies the public source examined for quantitative tables and literature coverage. Rights information: The Embrapa repository marks the item open access; redistribution follows the repository terms.
ref_diatta_senegal_hybrids_grain_mold_2019_pdf,ref_diatta_senegal_hybrids_grain_mold_2019,ref_diatta_senegal_hybrids_grain_mold_2019,Phenotype data,Verified,https://ugspace.ug.edu.gh/items/37f60f1e-5c91-4442-b342-e30e2bb723f2,https://ugspace.ug.edu.gh/items/37f60f1e-5c91-4442-b342-e30e2bb723f2,ref_diatta_senegal_hybrids_grain_mold_2019.pdf,Single file,,2026-07-14,1231320,e5ac7928ce0c149b7aba0c34391246dec3cb60322b71b4afa7edb00cb8e32686,,,Used in quantitative calculations,Https://ugspace.ug.edu.gh/items/37f60f1e-5c91-4442-b342-e30e2bb723f2,The recorded SHA-256 identifies the public source examined for quantitative tables and literature coverage. Rights information: Article PDF copyright line and University of Ghana repository record.
ref_kumar_icrisat_grain_mold_hybrids_2008_pdf,ref_kumar_icrisat_grain_mold_hybrids_2008,ref_kumar_icrisat_grain_mold_hybrids_2008,Phenotype data,Verified,https://oar.icrisat.org/2695/,https://oar.icrisat.org/2695/,ref_kumar_icrisat_grain_mold_hybrids_2008.pdf,Single file,,2026-07-14,31189,151403ec1d5b3a438e68e3e570b877f452bd7b890d87d0eeadfcf2ea036cd25d,,,Used in quantitative calculations,Https://oar.icrisat.org/2695/,The recorded SHA-256 identifies the public source examined for quantitative tables and literature coverage. Rights information: The journal and repository provide public read access; reuse follows the publisher's stated terms.
ref_mcmahan_conversion_panel_leaf_blight_2020_pdf,ref_mcmahan_conversion_panel_leaf_blight_2020,ref_mcmahan_conversion_panel_leaf_blight_2020,Supporting metadata,Verified,https://doi.org/10.1186/s12870-020-2275-z,https://doi.org/10.1186/s12870-020-2275-z,ref_mcmahan_conversion_panel_leaf_blight_2020.pdf,Single file,,2026-07-14,1278791,975acce6100263d8a4bed52814ad8b5b3e93e1cd8a35069eea33a195b8b3c564,,,Used in quantitative calculations,Https://doi.org/10.1186/s12870-020-2275-z,The recorded SHA-256 identifies the public source examined for quantitative tables and literature coverage. Rights information: The article grants Creative Commons Attribution 4.0 and applies CC0 to its data by default.
ref_mcmahan_conversion_panel_leaf_blight_2020_phenotypes_csv,ref_mcmahan_conversion_panel_leaf_blight_2020,ref_mcmahan_conversion_panel_leaf_blight_2020,Phenotype data,Verified,https://doi.org/10.1186/s12870-020-2275-z,https://doi.org/10.1186/s12870-020-2275-z,ref_mcmahan_conversion_panel_leaf_blight_2020_phenotypes.csv,Single file,,2026-07-14,28938,0423989b0f2467ee8328f4f1abf94cea4a52eb3a7d41a5a9a58de48443a0f0f4,,,Used in quantitative calculations,Https://doi.org/10.1186/s12870-020-2275-z,The recorded SHA-256 identifies the public source examined for quantitative tables and literature coverage. Rights information: The article applies the Creative Commons Public Domain Dedication waiver to its data by default.
ref_moore_arkansas_anthracnose_pathotypes_2008_unrecovered_source,ref_moore_arkansas_anthracnose_pathotypes_2008,,Phenotype data,Bibliographic information only,https://pubmed.ncbi.nlm.nih.gov/30769577/,,main article pathogenicity tables,Single file,,,,,,,Supporting source,Https://pubmed.ncbi.nlm.nih.gov/30769577/,The source reports anthracnose responses of eight differential lines to pathogen isolates and identifies 11 isolates with unreliable results that were omitted.
ref_mpofu_grain_mold_fgs_2014_pdf,ref_mpofu_grain_mold_fgs_2014,ref_mpofu_grain_mold_fgs_2014,Phenotype data,Verified,https://doi.org/10.1007/s00425-014-2081-7,https://doi.org/10.1007/s00425-014-2081-7,ref_mpofu_grain_mold_fgs_2014.pdf,Single file,,2026-07-14,1796512,bad10718e6c2dc471dc2de3b425365dd51bd22850051caef5bdc0608c7d226c3,,,Used in quantitative calculations,Https://doi.org/10.1007/s00425-014-2081-7,The recorded SHA-256 identifies the public source examined for quantitative tables and literature coverage. Rights information: Open Access statement in article PDF.
ref_nageshkumar_india_genetic_gain_grain_mold_2022_pdf,ref_nageshkumar_india_genetic_gain_grain_mold_2022,ref_nageshkumar_india_genetic_gain_grain_mold_2022,Phenotype data,Verified,https://doi.org/10.3389/fpls.2022.1056040,https://doi.org/10.3389/fpls.2022.1056040,ref_nageshkumar_india_genetic_gain_grain_mold_2022.pdf,Single file,,2026-07-14,2372716,8fd35925d9a47517a4961a7c60b5841141755fd0d6a05230c32ddff5c4332081,,,Used in quantitative calculations,Https://doi.org/10.3389/fpls.2022.1056040,The recorded SHA-256 identifies the public source examined for quantitative tables and literature coverage. Rights information: Article PDF copyright and CC BY statement.
ref_navi_elite_multiple_disease_2003_pdf,ref_navi_elite_multiple_disease_2003,ref_navi_elite_multiple_disease_2003,Phenotype data,Verified,https://oar.icrisat.org/1455/,https://oar.icrisat.org/1455/,ref_navi_elite_multiple_disease_2003.pdf,Single file,,2026-07-14,2698105,517bfd3501f9898f59518a7912b1fdeb4813f3ed259835257025cebbcc0b3e20,,,Used in quantitative calculations,Https://oar.icrisat.org/1455/,The recorded SHA-256 identifies the public source examined for quantitative tables and literature coverage. Rights information: ICRISAT provides public access; redistribution follows the publisher and repository terms.
ref_radwan_downy_mildew_p6_2011_unrecovered_source,ref_radwan_downy_mildew_p6_2011,,Other,Bibliographic information only,https://apsjournals.apsnet.org/doi/10.1094/PHP-2011-0323-01-RS,,article,Single file,,,,,,,Supporting source,Https://apsjournals.apsnet.org/doi/10.1094/PHP-2011-0323-01-RS,"The report describes the original P6 downy-mildew experiment, including incidence and accession responses."
ref_sabbavarapu_foliar_qtl_2010_unrecovered_source,ref_sabbavarapu_foliar_qtl_2010,,Phenotype data,Bibliographic information only,https://link.springer.com/article/10.1007/s10681-010-0224-x,,main article and any supplementary phenotype tables,Single file,,,,,,,Supporting source,Https://link.springer.com/article/10.1007/s10681-010-0224-x,The recombinant-inbred-line table reports disease responses by environment.
ref_tesso_fusarium_stalk_rot_2009_pdf,ref_tesso_fusarium_stalk_rot_2009,ref_tesso_fusarium_stalk_rot_2009,Phenotype data,Verified,https://doi.org/10.5897/AJPS.9000014,https://doi.org/10.5897/AJPS.9000014,ref_tesso_fusarium_stalk_rot_2009.pdf,Single file,,2026-07-14,426527,9ce192d85a874fedded9667d0cfc6d8ff61f75bda9c62cf2ce94092873ca802e,,,Used in quantitative calculations,Https://doi.org/10.5897/AJPS.9000014,The recorded SHA-256 identifies the public source examined for quantitative tables and literature coverage. Rights information: The PDF carries the 2009 Academic Journals copyright notice; redistribution follows the publisher terms.
ref_tomar_kansas_grain_mold_controls_2016_pdf,ref_tomar_kansas_grain_mold_controls_2016,ref_tomar_kansas_grain_mold_controls_2016,Phenotype data,Verified,https://hdl.handle.net/2097/32638,http://hdl.handle.net/2097/32638,ref_tomar_kansas_grain_mold_controls_2016.pdf,Single file,,2026-07-14,10237839,13f91931badfb271466ceb469a5b321828e09cd4e72f73d2a61ab615d4921302,,,Used in quantitative calculations,Https://hdl.handle.net/2097/32638,The recorded SHA-256 identifies the public source examined for quantitative tables and literature coverage. Rights information: K-State repository rights statement.
sap_head_smut_2021_article_pdf,prom_sap_head_smut_p5_p6_2021,prom_sap_head_smut_p5_p6_2021,Phenotype data,Verified,https://www.scirp.org/journal/paperinformation?paperid=108141,https://www.scirp.org/pdf/ajps_2021033014214825.pdf,ajps_2021033014214825.pdf,Single file,,2026-07-14,977446,070e400c63df6f221c08f8036f8802feeeb532bc56e13357c00076af90c36b03,,,Used in quantitative calculations,Https://www.scirp.org/journal/paperinformation?paperid=108141,The recorded SHA-256 identifies the source file used for this study.
sap_texas_anthracnose_2019_xlsx,prom_sap_texas_anthracnose_2019,prom_sap_texas_anthracnose_2019,Phenotype data,Verified,https://link.springer.com/article/10.1007/s00122-019-03285-5,https://static-content.springer.com/esm/art%3A10.1007%2Fs00122-019-03285-5/MediaObjects/122_2019_3285_MOESM1_ESM.xlsx,122_2019_3285_MOESM1_ESM.xlsx,Single file,,2026-07-14,38529,8c7e71c4ef7d848e0e749c0e2c08e4032e0973d61d6a5701efc5f415b8a18a3d,,,Used in quantitative calculations,Https://link.springer.com/article/10.1007/s00122-019-03285-5,The recorded SHA-256 identifies the source file used for this study.
sap_texas_grain_mold_2020_recovered_2026_xlsx,prom_sap_grain_mold_texas_2020,prom_sap_grain_mold_texas_2020_via_2026,Phenotype data,Verified,https://link.springer.com/article/10.1007/s10658-020-02036-3,https://static-content.springer.com/esm/art%3A10.1007%2Fs00122-026-05222-9/MediaObjects/122_2026_5222_MOESM1_ESM.xlsx,122_2026_5222_MOESM1_ESM.xlsx,Single file,,2026-07-14,167958,8c17d617dac77811ff514bcc43060030702018fa3a7798a98587e317f5c842d0,,,Used in quantitative calculations,Https://link.springer.com/article/10.1007/s10658-020-02036-3,The recorded SHA-256 identifies the source file used for this study.
sc112_prior_phenotype_merge_2020_table_s5_xlsx,prom_sc112_prior_phenotype_merge_2020,,Phenotype data,Verified,https://gsajournals.figshare.com/articles/journal_contribution/Supplemental_Material_for_Ahn_et_al_2020/11794347,https://ndownloader.figshare.com/files/21524745,Table S5.xlsx,Single file,,2026-07-14,25687,8eb3613eac989f5f7951b9131c81308a0cfb32ff8d5b8e3c77f4e6b759546ca5,,,Supporting source,Https://gsajournals.figshare.com/articles/journal_contribution/Supplemental_Material_for_Ahn_et_al_2020/11794347,The recorded SHA-256 identifies the source file used for this study.
sc112_ril_anthracnose_2020_table_s3_xlsx,prom_sc112_ril_anthracnose_2020,prom_sc112_ril_anthracnose_2020,Phenotype data,Verified,https://gsajournals.figshare.com/articles/journal_contribution/Supplemental_Material_for_Ahn_et_al_2020/11794347,https://ndownloader.figshare.com/files/21524739,Table S3_R1.xlsx,Single file,,2026-07-14,14261,030d29cc15f196f9680667b1b3c0f5fe44b47d39a32ff3092dc09f1c7b5bba81,,,Used in quantitative calculations,Https://gsajournals.figshare.com/articles/journal_contribution/Supplemental_Material_for_Ahn_et_al_2020/11794347,The recorded SHA-256 identifies the source file used for this study.
senegal_head_smut_p5_zip_s1,senegal_head_smut_pathotype5,senegal_head_smut_pathotype5,Phenotype data,Verified,https://www.mdpi.com/2223-7747/13/7/977,https://mdpi-res.com/d_attachment/plants/plants-13-00977/article_deploy/plants-13-00977-s001.zip,plants-13-00977-s001.zip,Zip,Supplementary Data S1.xlsx,2026-07-14,1297937,858a50f8ed988976f3aebdfe872a97c9c7c90fe2f146ba7d9c0154267855fd0d,27452,0f874b31c2522aecb2ee4f7a6a2211c6b68754b54ef38f004ab13f0cd01da513,Used in quantitative calculations,Https://www.mdpi.com/2223-7747/13/7/977,The recorded SHA-256 values identify both the downloaded archive and the source file used for this study.
senegal_head_smut_seedling_2022_zip,prom_senegal_seedling_head_smut_p5_2022,prom_senegal_seedling_head_smut_p5_2022,Phenotype data,Verified,https://www.mdpi.com/2223-7747/11/21/2999,https://mdpi-res.com/d_attachment/plants/plants-11-02999/article_deploy/plants-11-02999-s001.zip,plants-11-02999-s001.zip,Zip,Plants-1948040-supplementary.xlsx,2026-07-14,240650,e657da21d16331fc69a0c6acb26e321a2554f26e80ca9af6087d58ae14ac225a,35521,c0c646ff4f95b9ea13d8cdb7279279ac80ed3c96e174ca26cfa43b93679cf190,Used in quantitative calculations,Https://www.mdpi.com/2223-7747/11/21/2999,The recorded SHA-256 values identify both the downloaded archive and the source file used for this study.
senegal_multidisease_2018_xlsx,prom_senegal_seed_quality_2018,prom_senegal_seed_quality_2018,Phenotype data,Verified,https://plos.figshare.com/articles/dataset/Population_structure_of_the_NPGS_Senegalese_sorghum_collection_and_its_evaluation_to_identify_new_disease_resistant_genes/5888377,https://ndownloader.figshare.com/files/10489147,S1 File.xlsx,Single file,,2026-07-14,201634,13d1051ecd567c84ea5fa9e0e775e222047d80dbb07e6a8bbb95ce5ca6e109d0,,,Used in quantitative calculations,Https://www.ebi.ac.uk/europepmc/webservices/rest/PMC5812598/fullTextXML,The recorded SHA-256 identifies the source file used for this study.
senegal_seed_quality_2018_xml,prom_senegal_seed_quality_2018,prom_senegal_seed_quality_2018,Methods,Verified,https://plos.figshare.com/articles/dataset/Population_structure_of_the_NPGS_Senegalese_sorghum_collection_and_its_evaluation_to_identify_new_disease_resistant_genes/5888377,https://www.ebi.ac.uk/europepmc/webservices/rest/PMC5812598/fullTextXML,PMC5812598.xml,Single file,,2026-07-14,123166,b7c6ada476a69e76b1a6381b2ec62ceda0f77fbeb4b806d6d790509781bb02fd,,,Supporting source,Https://plos.figshare.com/articles/dataset/Population_structure_of_the_NPGS_Senegalese_sorghum_collection_and_its_evaluation_to_identify_new_disease_resistant_genes/5888377,The recorded SHA-256 identifies the source file used for this study.
senegal_seedling_anthracnose_xlsx,senegal_seedling_anthracnose,senegal_seedling_anthracnose,Phenotype data,Verified,https://www.nature.com/articles/s41598-022-16844-6,https://static-content.springer.com/esm/art%3A10.1038%2Fs41598-022-16844-6/MediaObjects/41598_2022_16844_MOESM1_ESM.xlsx,41598_2022_16844_MOESM1_ESM.xlsx,Single file,,2026-07-14,18349,001a391a78a68105047fbd0c3a9176b3a544026d9cb3a4ce9cc7f32bfb02ddc1,,,Used in quantitative calculations,Https://www.nature.com/articles/s41598-022-16844-6,The recorded SHA-256 identifies the source file used for this study.
sharma_minicore_foliar_diseases_2012_pdf,ref_sharma_minicore_foliar_diseases_2012,ref_sharma_minicore_foliar_diseases_2012,Phenotype data,Verified,https://apsjournals.apsnet.org/doi/10.1094/PDIS-10-11-0875-RE,https://oar.icrisat.org/6112/1/PlantDisease_SorghumMinicor_Shrama%20etal.2012.pdf,PlantDisease_SorghumMinicor_Shrama etal.2012.pdf,Single file,,2026-07-14,329518,c53218ec38af719269e73040b8aeb0e9c3c5882490d252e5f3ae4add46c11a4b,,,Used in quantitative calculations,Https://apsjournals.apsnet.org/doi/10.1094/PDIS-10-11-0875-RE,The recorded SHA-256 identifies the source file used for this study.
sharma_minicore_grainmold_downymildew_2010_pdf,ref_sharma_minicore_grain_mold_downy_mildew_2010,,Supporting metadata,Verified,https://apsjournals.apsnet.org/doi/10.1094/PDIS-94-4-0439,https://oar.icrisat.org/2263/1/PlantDiseses94_4_439-444_2010.pdf,PlantDiseses94_4_439-444_2010.pdf,Single file,,2026-07-14,166565,55dd54b6cc5621d2200f5747621bd4dd018e9b6ccc7628f08e3dadd60b542656,,,Supporting source,Https://apsjournals.apsnet.org/doi/10.1094/PDIS-94-4-0439,The recorded SHA-256 identifies the source file used for this study.
sudan_anthracnose_2020_xlsx,prom_sudan_anthracnose_2020,prom_sudan_anthracnose_2020,Phenotype data,Verified,https://springernature.figshare.com/articles/dataset/Additional_file_1_of_Evaluation_of_genetic_diversity_agronomic_traits_and_anthracnose_resistance_in_the_NPGS_Sudan_Sorghum_Core_collection/11759763,https://ndownloader.figshare.com/files/21417012,12864_2020_6489_MOESM1_ESM.xlsx,Single file,,2026-07-14,141011,c997ca9c144eeac77aaeebb60359ec8b9ce09880d0da5cebc03901b759bace54,,,Used in quantitative calculations,Https://springernature.figshare.com/articles/dataset/Additional_file_1_of_Evaluation_of_genetic_diversity_agronomic_traits_and_anthracnose_resistance_in_the_NPGS_Sudan_Sorghum_Core_collection/11759763,The recorded SHA-256 identifies the source file used for this study.
sudan_grain_mold_2024_xlsx,prom_sudan_grain_mold_2024,prom_sudan_grain_mold_2024,Phenotype data,Verified,https://link.springer.com/article/10.1007/s10722-024-02039-7,https://static-content.springer.com/esm/art%3A10.1007%2Fs10722-024-02039-7/MediaObjects/10722_2024_2039_MOESM1_ESM.xlsx,10722_2024_2039_MOESM1_ESM.xlsx,Single file,,2026-07-14,27435,1e78bff48627c6031950eca6d8a455adb0e4a270c6e440050bae8b363416e755,,,Used in quantitative calculations,Https://link.springer.com/article/10.1007/s10722-024-02039-7,The recorded SHA-256 identifies the source file used for this study.
sudan_rust_2025_xlsx,prom_sudan_rust_2025,prom_sudan_rust_2025,Phenotype data,Verified,https://pmc.ncbi.nlm.nih.gov/articles/PMC12438027/,https://www.ebi.ac.uk/europepmc/webservices/rest/PMC12438027/supplementaryFiles,PMC12438027_SupplementaryFiles.zip,Zip,TPG2-18-e70113-s001.xlsx,2026-07-14,262062,4df69f626bb70a84ccdae5652430d3cbee75510fb89a535ff19b0ddb3606dfaf,39528,4db7129a34df9f315b998e292747d8e2b3ca5918a04a6942632f349a3a6f99d5,Used in quantitative calculations,Https://pmc.ncbi.nlm.nih.gov/articles/PMC12438027/,The recorded SHA-256 values identify both the downloaded archive and the source file used for this study.
sweet_anthracnose_2023_s2_xlsx,sweet_sorghum_multilocation_anthracnose,prom_sweet_anthracnose_2023,Phenotype data,Verified,https://frontiersin.figshare.com/articles/dataset/Table_1_Genetic_diversity_population_structure_and_anthracnose_resistance_response_in_a_novel_sweet_sorghum_diversity_panel_xlsx/24407401,https://ndownloader.figshare.com/files/42807598,"Table_1_Genetic diversity, population structure and anthracnose resistance response in a novel sweet sorghum diversity panel.xlsx",Single file,,2026-07-14,42599,7edd0b2d2a4e171732a17b050af84aa0fe884339b8df20c09c348f0b05bcebc4,,,Used in quantitative calculations,Https://frontiersin.figshare.com/articles/dataset/Table_1_Genetic_diversity_population_structure_and_anthracnose_resistance_response_in_a_novel_sweet_sorghum_diversity_panel_xlsx/24407401,The recorded SHA-256 identifies the source file used for this study.
tesema_2022_turcicum_leaf_blight_pdf,ref_tesema_ethiopia_leaf_blight_2022,ref_tesema_ethiopia_leaf_blight_2022,Phenotype data,Verified,https://doi.org/10.30574/ijsra.2022.5.2.0062,https://doi.org/10.30574/ijsra.2022.5.2.0062,tesema_2022_turcicum_leaf_blight_10.30574_ijsra.2022.5.2.0062.pdf,Single file,,2026-07-14,1512242,11b450a49ee42b4d3029cf830e6962a49993631638f0c3857a1bff216559cad4,,,Used in quantitative calculations,Https://doi.org/10.30574/ijsra.2022.5.2.0062,The recorded SHA-256 identifies the public source examined for quantitative tables and literature coverage. Rights information: First-page copyright line states Creative Commons Attribution License 4.0 (printed as 'Liscense').
thakur_indian_anthracnose_populations_1998_pdf,ref_thakur_indian_anthracnose_populations_1998,ref_thakur_indian_anthracnose_populations_1998,Phenotype data,Verified,https://oar.icrisat.org/1722/,https://oar.icrisat.org/1722/1/Indian_Phyto51%284%29338-348_1998.pdf,Indian_Phyto51(4)338-348_1998.pdf,Single file,,2026-07-14,607416,75579941e655e2aa69e94124964a91a1dfb0e5eb9e4f18b0296473c5869ee737,,,Used in quantitative calculations,Https://oar.icrisat.org/1722/,The recorded SHA-256 identifies the source file used for this study.
upadhyaya_minicore_anthracnose_2013_recovery_xlsx,ref_upadhyaya_minicore_anthracnose_2013,,Phenotype data,Verified,https://link.springer.com/article/10.1007/s00122-013-2081-1,https://static-content.springer.com/esm/art%3A10.1007%2Fs00122-013-2081-1/MediaObjects/122_2013_2081_MOESM1_ESM.xlsx,122_2013_2081_MOESM1_ESM.xlsx,Single file,,2026-07-14,15074,7d65f3941d36b7683913bce0b93f2d7eff5aaaf60d6dffeb9a223ac2ce0db507,,,Supporting source,Https://link.springer.com/article/10.1007/s00122-013-2081-1,The recorded SHA-256 identifies the source file used for this study.
upadhyaya_minicore_anthracnose_2013_s1_xlsx,ref_sharma_minicore_foliar_diseases_2012,ref_sharma_minicore_foliar_diseases_2012,Phenotype data,Verified,https://apsjournals.apsnet.org/doi/10.1094/PDIS-10-11-0875-RE,https://static-content.springer.com/esm/art%3A10.1007%2Fs00122-013-2081-1/MediaObjects/122_2013_2081_MOESM1_ESM.xlsx,122_2013_2081_MOESM1_ESM.xlsx,Single file,,2026-07-14,15074,7d65f3941d36b7683913bce0b93f2d7eff5aaaf60d6dffeb9a223ac2ce0db507,,,Used in quantitative calculations,Https://link.springer.com/article/10.1007/s00122-013-2081-1,The recorded SHA-256 identifies the source file used for this study.
