Measurement group identifier,Source identifier,Dataset identifier,Study identifier,Source file identifier,Disease or diseases,Source table or sheet,Measurements represented,Independent screen identifier,Relationship to other reports,Original measurement group identifier,Source link,Scientific basis for grouping
lineage:anthracnose_pathotype_differentials:all,anthracnose_pathotype_differentials,prom_anthracnose_pathotype_differentials_2023,prom_anthracnose_pathotype_differentials_2023,anthracnose_pathotype_differentials_2024_csv,Anthracnose pathotype,Prom_Anthracnose_Diversity_Data_2024.csv,Public isolate-by-differential CSV available,experiment:anthracnose_pathotype_differentials,Original report of these measurements,,https://agdatacommons.nal.usda.gov/articles/dataset/25988122,Distinct isolate-virulence experiment used for pathogen context; candidate identification uses germplasm panels
lineage:ethiopian_field_anthracnose_multisite:all,ethiopian_field_anthracnose_multisite,ethiopian_field_anthracnose_multisite,ethiopian_field_anthracnose_multisite,ethiopian_anthracnose_2024_xlsx,Anthracnose,Supplementary Material 1.xlsx,Complete public accession-by-location combined dough-stage table,experiment:ethiopian_field_anthracnose_multisite,Original report of these measurements,,https://bmcgenomics.biomedcentral.com/articles/10.1186/s12864-024-10545-2,Distinct Ethiopian multi-location experiment
lineage:minicore_multidisease_reanalysis_2026:anthracnose,minicore_multidisease_reanalysis_2026,,,,Anthracnose,12870_2026_8468_MOESM2_ESM.xlsx,2019 mini-core anthracnose measurements used in the reanalysis,experiment:minicore_anthracnose_2007_2008,Measurements also reported in an earlier source,lineage:ref_prom_anthracnose_screening_method_2009:all,https://bmcplantbiol.biomedcentral.com/articles/10.1186/s12870-026-08468-z,Reuses 2019 mini-core phenotypes; the added Senegal set contributes germplasm context
lineage:minicore_multidisease_reanalysis_2026:downy_mildew,minicore_multidisease_reanalysis_2026,,,,Downy mildew,12870_2026_8468_MOESM2_ESM.xlsx,2019 mini-core downy-mildew measurements used in the reanalysis,experiment:minicore_downy_mildew_p6,Measurements also reported in an earlier source,lineage:ref_radwan_downy_mildew_p6_2011:all,https://bmcplantbiol.biomedcentral.com/articles/10.1186/s12870-026-08468-z,Reuses 2019 mini-core phenotypes; the added Senegal set contributes germplasm context
lineage:minicore_multidisease_reanalysis_2026:head_smut,minicore_multidisease_reanalysis_2026,,,,Head smut,12870_2026_8468_MOESM2_ESM.xlsx,2019 mini-core head-smut measurements used in the reanalysis,experiment:minicore_head_smut_2011,Measurements also reported in an earlier source,lineage:prom_minicore_multidisease_2019:head_smut,https://bmcplantbiol.biomedcentral.com/articles/10.1186/s12870-026-08468-z,Reuses 2019 mini-core phenotypes; the added Senegal set contributes germplasm context
lineage:panelA_pr_multidisease:all,panelA_pr_multidisease,panelA_pr_multidisease,panelA_pr_2017_2018,panelA_pr_multidisease_public_csv,Anthracnose; Grain mold; rust,Prom_LK_Data_2017_2018_Diseaase_traits.csv,"Accession-level anthracnose, grain-mold, and rust measurements from Puerto Rico in 2017 and 2018",experiment:panelA_pr_multidisease,Original report of these measurements,,https://agdatacommons.nal.usda.gov/articles/dataset/25707396,Original 2017-2018 Puerto Rico phenotype experiment; 2024 correlation paper reuses these disease values
lineage:panelB_wa_leafblight:all,panelB_wa_leafblight,panelB_wa_leafblight,panelB_senegal_2022,panelB_wa_leafblight_public_csv,Leaf blight,Prom_GWAS_Leaf_Blight_2022.csv,Accession-level leaf-blight measurements from Washington State,experiment:panelB_wa_leafblight,Original report of these measurements,,https://agdatacommons.nal.usda.gov/articles/dataset/25843822,Original leaf-blight experiment; the 2026 machine-learning paper reports the same measurements and is grouped with this study
lineage:prom_accession_anthracnose_grain_mold_2020:all,prom_accession_anthracnose_grain_mold_2020,prom_accession_anthracnose_grain_mold_2020,prom_accession_anthracnose_grain_mold_2020,prom_accession_anthracnose_grain_mold_2020_pdf,Anthracnose; Grain mold,main article Tables 1-2; complete accession screen and nested two-accession treatment subset,214 observations reported across endpoints and environments,experiment:prom_accession_anthracnose_grain_mold_texas_2010_2015,Original report of these measurements,,https://doi.org/10.9734/JEAI/2020/v42i130453,Table 1 contains the complete 47-accession screen plus controls. Table 2 presents a two-accession treatment subset from the same experiment. Anthracnose years are reported at the experiment level.
lineage:prom_agronomic_grain_mold_senegal_2026:all,prom_agronomic_grain_mold_senegal_2026,prom_agronomic_grain_mold_senegal_2026,prom_agronomic_grain_mold_senegal_2026,prom_agronomic_grain_mold_senegal_2026_pdf,Grain mold,main article Table 2; pooled intact-panicle and threshed-grain mold cultivar means,48 observations reported across endpoints and environments,experiment:prom_senegal_grain_mold_2022_two_location_trial,Original report of these measurements,,https://doi.org/10.4236/ajps.2026.173020,"Both grain-mold endpoints and locations are components of one experiment. Table 2 provides the pooled cultivar means; site-specific and plot-level values were unavailable in the reviewed materials. The reported n=135 differs from the 144 planned plots."
lineage:prom_china_ergot_2008:all,prom_china_ergot_2008,prom_china_ergot_2008,prom_china_ergot_2008,prom_china_ergot_2008_pdf,Ergot,"main article Table 1; year-, day-after-inoculation-, and treatment-specific ergot severity",352 observations reported across endpoints and environments,experiment:prom_chinese_shared_panel_college_station_2005_2006_screening_program,Original report of these measurements,,https://doi.org/10.1094/PHP-2008-0519-01-RS,"The 2007 and 2008 papers report the same 40 accessions screened at College Station in 2005. Two printed IS8525J values remain blank, and the results describe the preselected panel."
lineage:prom_chinese_downy_anthracnose_2007:all,prom_chinese_downy_anthracnose_2007,prom_chinese_downy_anthracnose_2007,prom_chinese_downy_anthracnose_2007,prom_chinese_downy_anthracnose_2007_pdf,Anthracnose; Downy mildew,main article Table 1; downy-mildew incidence and anthracnose reaction class,80 observations reported across endpoints and environments,experiment:prom_chinese_shared_panel_college_station_2005_2006_screening_program,Original report of these measurements,,https://www.ars.usda.gov/research/publications/publication/?seqNo115=207199,The 2007 and 2008 papers report the same 40 accessions screened at College Station in 2005 with closely matching designs. The results describe a panel selected after prior ergot screening.
lineage:prom_converted_lines_anthracnose_downy_2016:all,prom_converted_lines_anthracnose_downy_2016,prom_converted_lines_anthracnose_downy_2016,prom_converted_lines_anthracnose_downy_2016,prom_converted_lines_anthracnose_downy_2016_pdf,Anthracnose; Downy mildew,main article Table 1; anthracnose classes and downy-mildew incidence,260 observations reported across endpoints and environments,experiment:prom_converted_panel_texas_2008_2009,Original report of these measurements,,https://econpapers.repec.org/article/arpjacarp/2016_3ap_3a101-106.htm,Shares the 2008--2009 converted-line campaign with the grain-biodeterioration paper; 59 converted lines and six checks are printed although the preceding aim sentence says 60 exotic sources.
lineage:prom_converted_lines_grain_biodeterioration_2016:all,prom_converted_lines_grain_biodeterioration_2016,prom_converted_lines_grain_biodeterioration_2016,prom_converted_lines_grain_biodeterioration_2016,prom_converted_lines_grain_biodeterioration_2016_pdf,Grain mold,main article Table 1; combined 2008--2009 line means,195 observations reported across endpoints and environments,experiment:prom_converted_panel_texas_2008_2009,Original report of these measurements,,https://doi.org/10.3923/ppj.2017.19.24,"Shares the 2008--2009 converted-line campaign and 62 exact labels with the foliar-disease paper, but reports distinct grain-mold measurements; five seed-weight measurements and one germination measurement are missing."
lineage:prom_dhurrin_head_smut_2025:disease_response,prom_dhurrin_head_smut_2025,,,,Head smut seedling spot,article disease-response values,Previously reported Senegal head-smut response evidence,experiment:prom_senegal_seedling_head_smut_p5_2022,Measurements also reported in an earlier source,lineage:prom_senegal_seedling_head_smut_p5_2022:all,https://www.mdpi.com/2223-7747/14/5/740,Reuses earlier Senegal head-smut phenotypes and adds a biochemical/mechanistic analysis
lineage:prom_differentials_other_diseases_niger_2020:all,prom_differentials_other_diseases_niger_2020,prom_differentials_other_diseases_niger_2020,prom_differentials_other_diseases_niger_2020,prom_differentials_other_diseases_niger_2020_pdf,Anthracnose; Bacterial leaf disease reported as streak or stripe; Leaf blight; Long smut; Oval leaf spot; Rough leaf spot; Target leaf spot; Zonate leaf spot,main article disease-by-differential tables and bacterial-disease footnote,249 observations reported across endpoints and environments,experiment:prom_niger_differentials_other_diseases_2018,Original report of these measurements,,https://doi.org/10.32861/jac.61.1.4,The source defines reported dashes as disease absence and uses both bacterial leaf streak and bacterial leaf stripe. Bagged-panicle results are aggregate.
lineage:prom_ergot_severity_mexico_us_2008:all,prom_ergot_severity_mexico_us_2008,prom_ergot_severity_mexico_us_2008,prom_ergot_severity_mexico_us_2008,prom_ergot_severity_mexico_us_2008_pdf,Ergot,main article Table 1; location-specific and overall ergot-severity means,36 observations reported across endpoints and environments,experiment:mexico_us_ergot_three_location_2002_2003,Original report of these measurements,,https://www.redalyc.org/articulo.oa?id=61226204,"The nine genotypes were selected using prior reaction and flowering similarity; the study supports a narrow genotype comparison within the selected panel. Table 1 prints ATx 634 whereas Methods and narrative say ATx635, so the table label differs from the label used in the Methods and narrative."
lineage:prom_ethiopia_anthracnose_2019:all,prom_ethiopia_anthracnose_2019,prom_ethiopia_anthracnose_2019,prom_ethiopia_anthracnose_2019,ethiopian_anthracnose_2019_xlsx,Anthracnose,Supplementary Tables 4-29-2019.xlsx,Public accession-by-environment table available,experiment:prom_ethiopia_anthracnose_2019,Original report of these measurements,,https://gsajournals.figshare.com/articles/dataset/Supplemental_Material_for_Cuevas_Prom_and_Cruet-Burgos_2019/8127200,Original Ethiopian anthracnose evidence; reused in SC112 Table S5 and other combined analyses
lineage:prom_ethiopia_anthracnose_subset_2022:all,prom_ethiopia_anthracnose_subset_2022,prom_ethiopia_anthracnose_subset_2022,prom_ethiopia_anthracnose_subset_2022,prom_ethiopia_anthracnose_subset_2022_pdf,Anthracnose,main article accession table; 2019 and 2020 ratings and reaction classes,388 observations reported across endpoints and environments,experiment:prom_ethiopia_subset_isabela_2019_2020,Original report of these measurements,,https://doi.org/10.4236/ajps.2022.1312095,"The Isabela experiments were conducted in 2019 and 2020; the Ethiopian study conducted from 2013 to 2018 is a separate experiment. The table reports 94 accessions plus three checks, one accession-prefix variation, and 30 dashes for 2020."
lineage:prom_ethiopia_anthracnose_weather_2010:all,prom_ethiopia_anthracnose_weather_2010,prom_ethiopia_anthracnose_weather_2010,prom_ethiopia_anthracnose_weather_2010,prom_ethiopia_anthracnose_weather_2010_pdf,Anthracnose,main article Table 3; genotype-by-year and two-year mean disease-progress measurements,48 observations reported across endpoints and environments,experiment:ethiopia_anthracnose_southern_ethiopia_2007_2008,Original report of these measurements,,https://doi.org/10.3923/ppj.2010.39.46,This disease-progress comparison describes the selected germplasm and environments. Table 3 reports two-year means as summaries of the two environments and spells the accession HarargheColl; the narrative uses a conflicting spelling.
lineage:prom_ethiopia_grain_mold_2024:all,prom_ethiopia_grain_mold_2024,prom_ethiopia_grain_mold_2024,prom_ethiopia_grain_mold_2024,ethiopian_grain_mold_2024_xlsx,Grain mold seed emergence; Seed deterioration,S1479262124000157sup001.xlsx,Public accession-level summary workbook available,experiment:prom_ethiopia_grain_mold_2024,Original report of these measurements,,https://www.cambridge.org/core/journals/plant-genetic-resources/article/association-analysis-of-grain-mould-resistance-in-a-core-collection-of-npgs-ethiopian-sorghum-germplasm/A26623540E4557FD66683B493B89DDA7,Original Ethiopian grain-mold experiment; collection overlaps Ethiopian anthracnose studies but disease evidence is distinct
lineage:prom_ethiopia_mali_fusarium_2013:all,prom_ethiopia_mali_fusarium_2013,prom_ethiopia_mali_fusarium_2013,prom_ethiopia_mali_fusarium_2013,prom_ethiopia_mali_fusarium_2013_pdf,Grain mold,main article Table 1; four measurements for 38 accessions and four controls,168 observations reported across endpoints and environments,experiment:prom_fusarium_grain_mold_panels_isabela_2006,Original report of these measurements,,https://jtropag.kau.in/index.php/ojs2/article/view/286,"The study used the same location, year, pathogen, and controls as the Sudan panel, but its panels and control values differ. The abstract and conclusion name different candidate sets, and both sets are documented."
lineage:prom_excised_leaf_screen_2015:all,prom_excised_leaf_screen_2015,prom_excised_leaf_screen_2015,prom_excised_leaf_screen_2015,prom_excised_leaf_screen_2015_pdf,Anthracnose,main article Table 1; paired laboratory and greenhouse reactions,48 observations reported across endpoints and environments,experiment:prom_excised_leaf_method_comparison_2015,Original report of these measurements,,https://doi.org/10.3923/ppj.2016.11.16,The paired laboratory and greenhouse assays form one method-comparison experiment.
lineage:prom_four_country_anthracnose_2012:all,prom_four_country_anthracnose_2012,prom_four_country_anthracnose_2012,prom_four_country_anthracnose_2012,prom_four_country_anthracnose_2012_pdf,Anthracnose,main article accession table; Texas yearly ratings and Puerto Rico rating,370 observations reported across endpoints and environments,experiment:prom_four_country_anthracnose_2007_2008_pr,Original report of these measurements,,https://doi.org/10.4236/ajps.2012.31014,"Exact accession, year, site, method, and value comparisons support a distinct experiment; only three accessions overlap the 2004 Mali table."
lineage:prom_grain_mold_differentials_pr_2023:all,prom_grain_mold_differentials_pr_2023,prom_grain_mold_differentials_pr_2023,prom_grain_mold_differentials_pr_2023,prom_grain_mold_differentials_pr_2023_pdf,Grain mold,main article Table 1; combined 2019--2020 measurements,69 observations reported across endpoints and environments,experiment:prom_grain_mold_differentials_pr_2019_2020,Original report of these measurements,,https://doi.org/10.4236/ajps.2023.1411081,"This differential-panel study characterizes pathogen responses across lines; Methods name BTx430 whereas the table contains QL3, and two Results values have an inconsistent unit."
lineage:prom_grain_mold_ml_2025:grain_mold,prom_grain_mold_ml_2025,,,,Grain mold,Article or corresponding source in Table S1,2020 Texas SAP grain-mold measurements used in the model,experiment:prom_sap_grain_mold_texas_2020,Measurements also reported in an earlier source,lineage:prom_sap_grain_mold_texas_2020:all,https://doi.org/10.1038/s41437-025-00783-9,Reanalysis of Prom 2020 Texas SAP grain-mold experiment
lineage:prom_haplotype_grain_mold_2026:anthracnose,prom_haplotype_grain_mold_2026,,,haplotype_grain_mold_2026_workbook,Anthracnose,122_2026_5222_MOESM1_ESM.xlsx,Anthracnose measurements (source column: Pheno_anthracnose),experiment:prom_sap_texas_anthracnose_2019,Measurements also reported in an earlier source,lineage:prom_sap_texas_anthracnose_2019:all,https://link.springer.com/article/10.1007/s00122-026-05222-9,"The source’s grain-mold measurements are from Prom et al. (2020), and its anthracnose measurements repeat those reported for the Texas association panel by Prom et al. (2019)."
lineage:prom_haplotype_grain_mold_2026:grain_mold,prom_haplotype_grain_mold_2026,,,haplotype_grain_mold_2026_workbook,Grain mold,122_2026_5222_MOESM1_ESM.xlsx,Grain-mold measurements (source column: Pheno_grainmold),experiment:prom_sap_grain_mold_texas_2020,Measurements also reported in an earlier source,lineage:prom_sap_grain_mold_texas_2020:all,https://link.springer.com/article/10.1007/s00122-026-05222-9,"The source’s grain-mold measurements are from Prom et al. (2020), and its anthracnose measurements repeat those reported for the Texas association panel by Prom et al. (2019)."
lineage:prom_head_smut_isolate_variability_2024:all,prom_head_smut_isolate_variability_2024,prom_head_smut_isolate_variability_2024,prom_head_smut_isolate_variability_2024,head_smut_isolate_variability_2024_xml,Head smut pathotype,main article Table 1,Line-level binary R/S values public in main Table 1; plant counts only on request,experiment:prom_head_smut_isolate_variability_2024,Original report of these measurements,,https://pmc.ncbi.nlm.nih.gov/articles/PMC10820674/,Original greenhouse isolate-by-differential experiment
lineage:prom_head_smut_virulence_2011:all,prom_head_smut_virulence_2011,prom_head_smut_virulence_2011,prom_head_smut_virulence_2011,prom_head_smut_virulence_2011_pdf,Head smut,main article Tables 3-4; inoculation-method incidence and host-differential reactions,58 observations reported across endpoints and environments,experiment:prom_head_smut_32_texas_isolates_host_differentials,Original report of these measurements,,https://doi.org/10.1094/PDIS-10-10-0720,This study provides host-differential and pathotype evidence. Race 2 and race 3 reactions provide reference patterns; the source presents each observed isolate individually.
lineage:prom_leaf_blight_ml_2026:leaf_blight,prom_leaf_blight_ml_2026,,,,Leaf blight,Article or corresponding source in Table S1,Leaf-blight measurements from the 2022 Washington field experiment reused in the machine-learning analysis.,experiment:panelB_wa_leafblight,Measurements also reported in an earlier source,lineage:panelB_wa_leafblight:all,https://doi.org/10.3390/pathogens15040389,Reuses a subset of the leaf-blight measurements from the 2022 Washington field experiment.
lineage:prom_leaf_traits_anthracnose_2020:all,prom_leaf_traits_anthracnose_2020,prom_leaf_traits_anthracnose_2020,prom_leaf_traits_anthracnose_2020,prom_leaf_traits_anthracnose_2020_supplementary_table_s2_docx,Anthracnose,Supplementary Table S2 raw replicate-level sorghum leaf-tissue measurements,576 observations reported across endpoints and environments,experiment:ahn_sorghum_leaf_tissue_anthracnose_assay,Original report of these measurements,,https://doi.org/10.1038/s41598-020-79473-x,"The sorghum portion comprises Theis, QL3, and RTx2536; SH1247 is Johnsongrass. The tissue assay provides mechanistic context."
lineage:prom_lines_long_smut_grain_mold_2017:all,prom_lines_long_smut_grain_mold_2017,prom_lines_long_smut_grain_mold_2017,prom_lines_long_smut_grain_mold_2017,prom_lines_long_smut_grain_mold_2017_pdf,Grain mold; Long smut,main article Table 2; Bambey combined 2011--2012 values,46 observations reported across endpoints and environments,experiment:prom_senegal_long_smut_grain_mold_2011_2012,Original report of these measurements,,https://doi.org/10.3923/ijpp.2017.23.27,Table 2 provides Bambey values and a separate Nioro table provides that location's values; measurements from both locations form one independent screen. Table 2 and Methods list 23 accessions or lines whereas Results states 24.
lineage:prom_mali_anthracnose_2004:all,prom_mali_anthracnose_2004,prom_mali_anthracnose_2004,prom_mali_anthracnose_2004,prom_mali_anthracnose_2004_pdf,Anthracnose,main article Table 1; dry- and wet-season ratings,572 observations reported across endpoints and environments,experiment:prom_mali_anthracnose_isabela_2003,Original report of these measurements,,https://doi.org/10.3923/ppj.2004.65.71,"The source table lists 270 accession samples plus 16 controls, including six suffixed accession labels representing three duplicate seed-lot pairs. Quantitative summaries reflect the 270 printed accession samples; the source's selection accounting implies a different total."
lineage:prom_minicore_multidisease_2019:anthracnose,prom_minicore_multidisease_2019,prom_minicore_multidisease_2019,prom_minicore_multidisease_2019,minicore_multidisease_2019_docx,Anthracnose,pone.0216671.s001.docx anthracnose column,Binary R/S classifications for the 2007-2008 greenhouse experiment,experiment:minicore_anthracnose_2007_2008,Measurements also reported in an earlier source,lineage:ref_prom_anthracnose_screening_method_2009:all,https://plos.figshare.com/articles/journal_contribution/Genome_wide_association_analysis_of_sorghum_mini_core_lines_regarding_anthracnose_downy_mildew_and_head_smut/8125778,Original phenotype source reused by 2023 multi-trait and 2026 machine-learning studies
lineage:prom_minicore_multidisease_2019:downy_mildew,prom_minicore_multidisease_2019,prom_minicore_multidisease_2019,prom_minicore_multidisease_2019,minicore_multidisease_2019_docx,Downy mildew,pone.0216671.s001.docx downy-mildew column,Binary R/S classifications from the Texas P6 experiment,experiment:minicore_downy_mildew_p6,Measurements also reported in an earlier source,lineage:ref_radwan_downy_mildew_p6_2011:all,https://plos.figshare.com/articles/journal_contribution/Genome_wide_association_analysis_of_sorghum_mini_core_lines_regarding_anthracnose_downy_mildew_and_head_smut/8125778,Original phenotype source reused by 2023 multi-trait and 2026 machine-learning studies
lineage:prom_minicore_multidisease_2019:head_smut,prom_minicore_multidisease_2019,prom_minicore_multidisease_2019,prom_minicore_multidisease_2019,minicore_multidisease_2019_docx,Head smut,pone.0216671.s001.docx head-smut column,Binary accession classifications from the 2011 greenhouse screen first reported here,experiment:minicore_head_smut_2011,Original report of these measurements,,https://plos.figshare.com/articles/journal_contribution/Genome_wide_association_analysis_of_sorghum_mini_core_lines_regarding_anthracnose_downy_mildew_and_head_smut/8125778,Original phenotype source reused by 2023 multi-trait and 2026 machine-learning studies
lineage:prom_mozambique_anthracnose_2006:all,prom_mozambique_anthracnose_2006,prom_mozambique_anthracnose_2006,prom_mozambique_anthracnose_2006,prom_mozambique_anthracnose_2006_pdf,Anthracnose,main article Table 2; dry- and wet-season ratings and severity,96 observations reported across endpoints and environments,experiment:prom_mozambique_anthracnose_isabela_2004,Original report of these measurements,,https://doi.org/10.3923/ppj.2006.28.34,The source prints 22 accessions plus two controls and provides composite ratings; 34 severity measurements are missing.
lineage:prom_multitrait_reanalysis_2023:sheet1_grain_mold,prom_multitrait_reanalysis_2023,,,multitrait_reanalysis_2023_zip,Grain mold,pathogens-2386562-supplementary.xlsx::Sheet1,Principal components derived from grain-mold measurements,experiment:prom_sap_grain_mold_texas_2020,Measurements also reported in an earlier source,lineage:prom_sap_grain_mold_texas_2020:all,https://pmc.ncbi.nlm.nih.gov/articles/PMC10302846/,"Reuses Prom 2020 SAP grain mold, 2019 mini-core, Senegal anthracnose, and head-smut values"
lineage:prom_multitrait_reanalysis_2023:sheet2_anthracnose,prom_multitrait_reanalysis_2023,,,multitrait_reanalysis_2023_zip,Anthracnose,pathogens-2386562-supplementary.xlsx::Sheet2,Mini-core anthracnose component,experiment:minicore_anthracnose_2007_2008,Measurements also reported in an earlier source,lineage:ref_prom_anthracnose_screening_method_2009:all,https://pmc.ncbi.nlm.nih.gov/articles/PMC10302846/,"Reuses Prom 2020 SAP grain mold, 2019 mini-core, Senegal anthracnose, and head-smut values"
lineage:prom_multitrait_reanalysis_2023:sheet2_downy,prom_multitrait_reanalysis_2023,,,multitrait_reanalysis_2023_zip,Downy mildew,pathogens-2386562-supplementary.xlsx::Sheet2,Mini-core downy-mildew component,experiment:minicore_downy_mildew_p6,Measurements also reported in an earlier source,lineage:ref_radwan_downy_mildew_p6_2011:all,https://pmc.ncbi.nlm.nih.gov/articles/PMC10302846/,"Reuses Prom 2020 SAP grain mold, 2019 mini-core, Senegal anthracnose, and head-smut values"
lineage:prom_multitrait_reanalysis_2023:sheet2_head_smut,prom_multitrait_reanalysis_2023,,,multitrait_reanalysis_2023_zip,Head smut,pathogens-2386562-supplementary.xlsx::Sheet2,Mini-core head-smut component,experiment:minicore_head_smut_2011,Measurements also reported in an earlier source,lineage:prom_minicore_multidisease_2019:head_smut,https://pmc.ncbi.nlm.nih.gov/articles/PMC10302846/,"Reuses Prom 2020 SAP grain mold, 2019 mini-core, Senegal anthracnose, and head-smut values"
lineage:prom_multitrait_reanalysis_2023:sheet3_anthracnose,prom_multitrait_reanalysis_2023,,,multitrait_reanalysis_2023_zip,Anthracnose,pathogens-2386562-supplementary.xlsx::Sheet3,Principal components derived from Senegal seedling anthracnose measurements,experiment:senegal_seedling_anthracnose,Measurements also reported in an earlier source,lineage:senegal_seedling_anthracnose:all,https://pmc.ncbi.nlm.nih.gov/articles/PMC10302846/,"Reuses Prom 2020 SAP grain mold, 2019 mini-core, Senegal anthracnose, and head-smut values"
lineage:prom_multitrait_reanalysis_2023:sheet4_head_smut,prom_multitrait_reanalysis_2023,,,multitrait_reanalysis_2023_zip,Head smut seedling spot,pathogens-2386562-supplementary.xlsx::Sheet4,Principal components derived from Senegal seedling head-smut measurements,experiment:prom_senegal_seedling_head_smut_p5_2022,Measurements also reported in an earlier source,lineage:prom_senegal_seedling_head_smut_p5_2022:all,https://pmc.ncbi.nlm.nih.gov/articles/PMC10302846/,"Reuses Prom 2020 SAP grain mold, 2019 mini-core, Senegal anthracnose, and head-smut values"
lineage:prom_multitrait_reanalysis_2023:sheet5_anthracnose,prom_multitrait_reanalysis_2023,,,multitrait_reanalysis_2023_zip,Anthracnose,pathogens-2386562-supplementary.xlsx::Sheet5,Combined Senegal anthracnose component,experiment:senegal_seedling_anthracnose,Measurements also reported in an earlier source,lineage:senegal_seedling_anthracnose:all,https://pmc.ncbi.nlm.nih.gov/articles/PMC10302846/,"Reuses Prom 2020 SAP grain mold, 2019 mini-core, Senegal anthracnose, and head-smut values"
lineage:prom_multitrait_reanalysis_2023:sheet5_head_smut,prom_multitrait_reanalysis_2023,,,multitrait_reanalysis_2023_zip,Head smut seedling spot,pathogens-2386562-supplementary.xlsx::Sheet5,Combined Senegal head-smut component,experiment:prom_senegal_seedling_head_smut_p5_2022,Measurements also reported in an earlier source,lineage:prom_senegal_seedling_head_smut_p5_2022:all,https://pmc.ncbi.nlm.nih.gov/articles/PMC10302846/,"Reuses Prom 2020 SAP grain mold, 2019 mini-core, Senegal anthracnose, and head-smut values"
lineage:prom_panelA_correlation_2024:all,prom_panelA_correlation_2024,,,,Anthracnose; Grain mold; rust,main article and USDA data record,Puerto Rico disease measurements used in the correlation analysis,experiment:panelA_pr_multidisease,Measurements also reported in an earlier source,lineage:panelA_pr_multidisease:all,https://doi.org/10.5539/jps.v13n1p11,Reuses disease measurements from the 2017 to 2018 Puerto Rico experiment
lineage:prom_ql3_is18760_anthracnose_inheritance_2021:prom_ql3_is18760_anthracnose_inheritance_2021:prom_ql3_is18760_anthracnose_inheritance_2021_supplementary_table_s1_xlsx,prom_ql3_is18760_anthracnose_inheritance_2021,prom_ql3_is18760_anthracnose_inheritance_2021,prom_ql3_is18760_anthracnose_inheritance_2021,prom_ql3_is18760_anthracnose_inheritance_2021_supplementary_table_s1_xlsx,Anthracnose,Supplementary Table S1 field least-squares means and main article Table 4 nested pathotype subset,678 observations reported across endpoints and environments,experiment:cuevas_ql3_is18760_ril_field_and_nested_pathotype_study,Original report of these measurements,,https://doi.org/10.1038/s41598-021-99994-3,The 43-line greenhouse subset is nested within the two field populations; together the field and greenhouse measurements describe one independent screen. The source denotes 15 missing measurements with literal dots; measurements for individual lines from Florida and Georgia were unavailable in the reviewed materials.
lineage:prom_ql3_is18760_anthracnose_inheritance_2021:prom_ql3_is18760_anthracnose_inheritance_2021:prom_ql3_is18760_anthracnose_inheritance_2021_xml,prom_ql3_is18760_anthracnose_inheritance_2021,prom_ql3_is18760_anthracnose_inheritance_2021,prom_ql3_is18760_anthracnose_inheritance_2021,prom_ql3_is18760_anthracnose_inheritance_2021_xml,Anthracnose,Supplementary Table S1 field least-squares means and main article Table 4 nested pathotype subset,368 observations reported across endpoints and environments,experiment:cuevas_ql3_is18760_ril_field_and_nested_pathotype_study,Original report of these measurements,,https://doi.org/10.1038/s41598-021-99994-3,The 43-line greenhouse subset is nested within the two field populations; together the field and greenhouse measurements describe one independent screen. The source denotes 15 missing measurements with literal dots; measurements for individual lines from Florida and Georgia were unavailable in the reviewed materials.
lineage:prom_sap_anthracnose_2018:all,prom_sap_anthracnose_2018,,,,Anthracnose,tpg2plantgenome2017110099-sup-0001.xlsx,"The publisher page listed an accession-level supplement, but the file response was HTML on 14 July 2026",experiment:prom_sap_anthracnose_2018,Original report of these measurements,,https://acsess.onlinelibrary.wiley.com/doi/10.3835/plantgenome2017.11.0099,The source documents a distinct SAP anthracnose experiment; its design distinguishes it from the 2019 Texas study.
lineage:prom_sap_grain_mold_correlations_2021:grain_mold,prom_sap_grain_mold_correlations_2021,,,,Grain mold,main article tables,2020 Texas SAP grain-mold measurements used in the correlation analysis,experiment:prom_sap_grain_mold_texas_2020,Measurements also reported in an earlier source,lineage:prom_sap_grain_mold_texas_2020:all,https://doi.org/10.32861/jac.81.7.11,Reanalysis of the 2020 Texas SAP grain-mold inoculation experiment
lineage:prom_sap_grain_mold_snp_reanalysis_2021:grain_mold,prom_sap_grain_mold_snp_reanalysis_2021,,,,Grain mold,main article tables,2020 Texas SAP grain-mold measurements used in the association analysis,experiment:prom_sap_grain_mold_texas_2020,Measurements also reported in an earlier source,lineage:prom_sap_grain_mold_texas_2020:all,https://www.ars.usda.gov/research/publications/publication/?seqNo115=381329,Reanalysis of the 2020 Texas SAP grain-mold inoculation experiment
lineage:prom_sap_grain_mold_texas_2020:all,prom_sap_grain_mold_texas_2020,prom_sap_grain_mold_texas_2020_via_2026,prom_sap_grain_mold_texas_2020,sap_texas_grain_mold_2020_recovered_2026_xlsx,Grain mold inoculation,122_2026_5222_MOESM1_ESM.xlsx::Pheno_grainmold,"Accession-level means from the original study, provided in a later supplement.",experiment:prom_sap_grain_mold_texas_2020,Original report of these measurements,,https://link.springer.com/article/10.1007/s10658-020-02036-3,The later supplement republishes measurements from the 2020 grain-mold experiment; its anthracnose measurements repeat those reported for the Texas association panel by Prom et al. (2019).
lineage:prom_sap_head_smut_p5_p6_2021:p5_p6_2017,prom_sap_head_smut_p5_p6_2021,prom_sap_head_smut_p5_p6_2021,prom_sap_head_smut_p5_p6_2017,sap_head_smut_2021_article_pdf,Head smut P5; Head smut P6,main article Table 2,Accession-level P5 and P6 reaction and incidence values from the 2017 greenhouse screen,experiment:prom_sap_head_smut_p5_p6_2021,Original report of these measurements,,https://www.scirp.org/journal/paperinformation?paperid=108141,The publication presents the 2017 and 2018 greenhouse screens in separate tables within one screening series.
lineage:prom_sap_head_smut_p5_p6_2021:p5_p6_2018,prom_sap_head_smut_p5_p6_2021,prom_sap_head_smut_p5_p6_2021,prom_sap_head_smut_p5_p6_2018,sap_head_smut_2021_article_pdf,Head smut P5; Head smut P6,main article Table 3,Accession-level P5 and P6 reaction and incidence values from the 2018 greenhouse screen,experiment:prom_sap_head_smut_p5_p6_2021,Original report of these measurements,,https://www.scirp.org/journal/paperinformation?paperid=108141,The publication presents the 2017 and 2018 greenhouse screens in separate tables within one screening series.
lineage:prom_sap_texas_anthracnose_2019:all,prom_sap_texas_anthracnose_2019,prom_sap_texas_anthracnose_2019,prom_sap_texas_anthracnose_2019,sap_texas_anthracnose_2019_xlsx,Anthracnose,122_2019_3285_MOESM1_ESM.xlsx,Anthracnose responses for the Texas sorghum association panel,experiment:prom_sap_texas_anthracnose_2019,Original report of these measurements,,https://link.springer.com/article/10.1007/s00122-019-03285-5,"This is the original source for the Texas association-panel anthracnose measurements, which the 2026 haplotype paper reports again."
lineage:prom_sc112_prior_phenotype_merge_2020:ethiopia_component,prom_sc112_prior_phenotype_merge_2020,,,sc112_prior_phenotype_merge_2020_table_s5_xlsx,Anthracnose,Table S5.xlsx Ethiopian-derived rows,Reclassified values originating in the 2019 Ethiopian anthracnose study,experiment:prom_ethiopia_anthracnose_2019,Measurements also reported in an earlier source,lineage:prom_ethiopia_anthracnose_2019:all,https://gsajournals.figshare.com/articles/journal_contribution/Supplemental_Material_for_Ahn_et_al_2020/11794347,Reuses and reclassifies anthracnose measurements from the 2018 SAP and 2019 Ethiopian studies; the 2018 SAP and 2019 Ethiopian studies report the original measurements
lineage:prom_sc112_prior_phenotype_merge_2020:sap_component,prom_sc112_prior_phenotype_merge_2020,,,sc112_prior_phenotype_merge_2020_table_s5_xlsx,Anthracnose,Table S5.xlsx SAP-derived rows,Reclassified values originating in the 2018 SAP anthracnose study,experiment:prom_sap_anthracnose_2018,Measurements also reported in an earlier source,lineage:prom_sap_anthracnose_2018:all,https://gsajournals.figshare.com/articles/journal_contribution/Supplemental_Material_for_Ahn_et_al_2020/11794347,Reuses and reclassifies anthracnose measurements from the 2018 SAP and 2019 Ethiopian studies; the 2018 SAP and 2019 Ethiopian studies report the original measurements
lineage:prom_sc112_ril_anthracnose_2020:all,prom_sc112_ril_anthracnose_2020,prom_sc112_ril_anthracnose_2020,prom_sc112_ril_anthracnose_2020,sc112_ril_anthracnose_2020_table_s3_xlsx,Anthracnose,Table S3_R1.xlsx,Public line-by-location table available,experiment:prom_sc112_ril_anthracnose_2020,Original report of these measurements,,https://gsajournals.figshare.com/articles/journal_contribution/Supplemental_Material_for_Ahn_et_al_2020/11794347,Table S5 combines and reclassifies 574 accessions from prior SAP and Ethiopian studies; those studies report the original measurements
lineage:prom_senegal_8leaf_anthracnose_2021:all,prom_senegal_8leaf_anthracnose_2021,,,,Anthracnose,filename candidate tpg220097-sup-0001.xlsx; unverified,The publisher reports an accession-level supplement; the file was unavailable on 14 July 2026,experiment:prom_senegal_8leaf_anthracnose_2021,Original report of these measurements,,https://acsess.onlinelibrary.wiley.com/doi/10.1002/tpg2.20097,Distinct greenhouse eight-isolate leaf-stage anthracnose assay; 2025 machine-learning paper reuses it
lineage:prom_senegal_anthracnose_ml_2025:eight_isolate,prom_senegal_anthracnose_ml_2025,,,,Anthracnose,figures only; no phenotype table,2021 eight-isolate disease measurements used in the model,experiment:prom_senegal_8leaf_anthracnose_2021,Measurements also reported in an earlier source,lineage:prom_senegal_8leaf_anthracnose_2021:all,https://link.springer.com/article/10.1007/s10142-025-01797-6,Reanalysis of 2021 eight-isolate and 2022 seedling anthracnose evidence
lineage:prom_senegal_anthracnose_ml_2025:seedling,prom_senegal_anthracnose_ml_2025,,,,Anthracnose,figures only; no phenotype table,2022 seedling disease measurements used in the model,experiment:senegal_seedling_anthracnose,Measurements also reported in an earlier source,lineage:senegal_seedling_anthracnose:all,https://link.springer.com/article/10.1007/s10142-025-01797-6,Reanalysis of 2021 eight-isolate and 2022 seedling anthracnose evidence
lineage:prom_senegal_head_smut_crops_2022:subset36,prom_senegal_head_smut_crops_2022,,,,Head smut seedling spot,main article Table 1,36-accession subset matching the Plants 2022 public workbook,experiment:prom_senegal_seedling_head_smut_p5_2022,Measurements also reported in an earlier source,lineage:prom_senegal_seedling_head_smut_p5_2022:all,https://www.mdpi.com/2673-7655/2/2/11,Crops 2022 reports a subset of the measurements in the complete Plants 2022 workbook.
lineage:prom_senegal_seed_quality_2018:anthracnose,prom_senegal_seed_quality_2018,prom_senegal_seed_quality_2018,prom_senegal_seed_quality_2018,senegal_multidisease_2018_xlsx,Anthracnose,S1 File.xlsx anthracnose-response columns,Accession-level anthracnose response in the reported 2014 field summary,experiment:prom_senegal_seed_quality_2018,Original report of these measurements,,https://plos.figshare.com/articles/dataset/Population_structure_of_the_NPGS_Senegalese_sorghum_collection_and_its_evaluation_to_identify_new_disease_resistant_genes/5888377,The anthracnose and seed-quality tables describe the same Senegal collection evaluated in the same study.
lineage:prom_senegal_seed_quality_2018:seed_quality,prom_senegal_seed_quality_2018,prom_senegal_seed_quality_2018,prom_senegal_seed_quality_2018,senegal_multidisease_2018_xlsx,Grain mold seed quality,S1 File.xlsx seed-rating and germination columns,"Accession-level seed rating, least-squares mean and standard error, and germination values in the reported 2014-2015 field summary",experiment:prom_senegal_seed_quality_2018,Original report of these measurements,,https://plos.figshare.com/articles/dataset/Population_structure_of_the_NPGS_Senegalese_sorghum_collection_and_its_evaluation_to_identify_new_disease_resistant_genes/5888377,The source presents seed-quality and anthracnose measurements as two disease groups within one screen.
lineage:prom_senegal_seedling_head_smut_p5_2022:all,prom_senegal_seedling_head_smut_p5_2022,prom_senegal_seedling_head_smut_p5_2022,prom_senegal_seedling_head_smut_p5_2022,senegal_head_smut_seedling_2022_zip,Head smut seedling spot,plants-1948040-supplementary.xlsx,Public plant-level workbook available,experiment:prom_senegal_seedling_head_smut_p5_2022,Original report of these measurements,,https://www.mdpi.com/2223-7747/11/21/2999,Original seedling-symptom experiment; the related 2022 Crops report provides a preliminary account of the experiment
lineage:prom_sudan_anthracnose_2020:all,prom_sudan_anthracnose_2020,prom_sudan_anthracnose_2020,prom_sudan_anthracnose_2020,sudan_anthracnose_2020_xlsx,Anthracnose,12864_2020_6489_MOESM1_ESM.xlsx,Public accession-by-environment table available,experiment:prom_sudan_anthracnose_2020,Original report of these measurements,,https://springernature.figshare.com/articles/dataset/Additional_file_1_of_Evaluation_of_genetic_diversity_agronomic_traits_and_anthracnose_resistance_in_the_NPGS_Sudan_Sorghum_Core_collection/11759763,Original Sudan anthracnose experiment; shares collection with later Sudan grain-mold and rust studies but those are distinct disease experiments
lineage:prom_sudan_grain_mold_2024:all,prom_sudan_grain_mold_2024,prom_sudan_grain_mold_2024,prom_sudan_grain_mold_2024,sudan_grain_mold_2024_xlsx,Grain mold seed emergence; Seed deterioration,10722_2024_2039_MOESM1_ESM.xlsx,Public accession-level summary workbook available,experiment:prom_sudan_grain_mold_2024,Original report of these measurements,,https://link.springer.com/article/10.1007/s10722-024-02039-7,Original Sudan grain-mold evidence; same germplasm collection as Sudan anthracnose/rust but distinct disease experiment
lineage:prom_sudan_grain_mold_sources_2009:all,prom_sudan_grain_mold_sources_2009,prom_sudan_grain_mold_sources_2009,prom_sudan_grain_mold_sources_2009,prom_sudan_grain_mold_sources_2009_pdf,Grain mold,main article Table 1; four measurements for 59 accessions and four controls,252 observations reported across endpoints and environments,experiment:prom_fusarium_grain_mold_panels_isabela_2006,Original report of these measurements,,https://doaj.org/article/0631ad81de1a4ab1be92e1b87d8f5266,"Same location, year, pathogen, and controls as the Ethiopia/Mali panel, but the panels and control values differ; both are grouped as one 2006 screening campaign for recurrence."
lineage:prom_sudan_rust_2025:all,prom_sudan_rust_2025,prom_sudan_rust_2025,prom_sudan_rust_2025,sudan_rust_2025_xlsx,Rust,TPG2-18-e70113-s001.xlsx,Public accession-level mean/class workbook available,experiment:prom_sudan_rust_2025,Original report of these measurements,,https://pmc.ncbi.nlm.nih.gov/articles/PMC12438027/,Original Sudan rust experiment; same collection as Sudan anthracnose/grain mold but distinct disease evidence
lineage:prom_uganda_downy_mildew_2019:all,prom_uganda_downy_mildew_2019,prom_uganda_downy_mildew_2019,prom_uganda_downy_mildew_2019,prom_uganda_downy_mildew_2019_pdf,Downy mildew,main article Table 2; genotype-by-location downy-mildew measurements and reported classes,1000 observations reported across endpoints and environments,experiment:uganda_downy_mildew_two_location_2016,Original report of these measurements,,https://doi.org/10.13057/biodiv/d201136,"The two locations are environments within one study. The table includes 98 study accessions and two resistant checks and gives results for each location. Its table identifier, assessment day, unit, punctuation, and arithmetic match the publication."
lineage:prom_us_lines_long_smut_grain_mold_2018:all,prom_us_lines_long_smut_grain_mold_2018,prom_us_lines_long_smut_grain_mold_2018,prom_us_lines_long_smut_grain_mold_2018,prom_us_lines_long_smut_grain_mold_2018_pdf,Grain mold; Long smut,main article Table 2; Nioro combined 2011--2012 values,60 observations reported across endpoints and environments,experiment:prom_senegal_long_smut_grain_mold_2011_2012,Original report of these measurements,,https://doi.org/10.32861/jac.411.152.156,The source provides separate location tables for Nioro and Bambey; measurements from both locations form one independent screen. Twenty-one normalized labels match; the two altered label pairs appear exactly as printed.
lineage:prom_weather_anthracnose_genotypes_2015:all,prom_weather_anthracnose_genotypes_2015,prom_weather_anthracnose_genotypes_2015,prom_weather_anthracnose_genotypes_2015,prom_weather_anthracnose_genotypes_2015_pdf,Anthracnose,main article Table 3; paired dry original-crop and wet regrowth anthracnose ratings,140 observations reported across endpoints and environments,experiment:prom_weather_anthracnose_texas_2009_paired_crop_regrowth,Original report of these measurements,,https://doi.org/10.9734/AJEA/2015/14589,"The two phases arose from one planting and form one cohort. Fifty-nine accessions overlap the 2007-2008 four-country screen, but the phenotype table is new. Table 3 prints PI330983 whereas the Results text states PI330985."
lineage:prom_zimbabwe_rust_2012:all,prom_zimbabwe_rust_2012,prom_zimbabwe_rust_2012,prom_zimbabwe_rust_2012,prom_zimbabwe_rust_2012_pdf,Rust,main article Table 1; combined two-season least-squares means,68 observations reported across endpoints and environments,experiment:prom_zimbabwe_rust_isabela_2011,Original report of these measurements,,https://doi.org/10.3923/ajppaj.2012.33.40,The public table provides accession means for 68 accessions; the Methods describe 15 additional controls absent from the table.
lineage:prom_zonate_leaf_spot_2021:all,prom_zonate_leaf_spot_2021,prom_zonate_leaf_spot_2021,prom_zonate_leaf_spot_2021,prom_zonate_leaf_spot_2021_pdf,Zonate leaf spot,main article accession table; least-squares mean incidence,68 observations reported across endpoints and environments,experiment:prom_zonate_leaf_spot_burleson_2021,Original report of these measurements,,https://doi.org/10.32861/jac.81.35.38,"The table reports 68 accessions or lines; the Methods incidence formula is worded in reverse, and only least-squares means are public."
lineage:ref_adeyanju_stalk_rot_2015:all,ref_adeyanju_stalk_rot_2015,ref_adeyanju_stalk_rot_2015,ref_adeyanju_stalk_rot_2015,adeyanju_stalk_rot_2015_least_square_means_csv,Charcoal rot; Fusarium stalk rot,supp_g3.114.016394_FileS2.csv,Public raw plot data and combined-environment least-square means; the source provides numeric line identifiers without corresponding accession names,experiment:ref_adeyanju_stalk_rot_2015,Original report of these measurements,,https://pmc.ncbi.nlm.nih.gov/articles/PMC4478546/,Original Kansas 2011-2012 stalk-rot experiment; documented name correspondences support comparison with the Prom panels
lineage:ref_aragaw_terefe_eastern_ethiopia_anthracnose_2024:all,ref_aragaw_terefe_eastern_ethiopia_anthracnose_2024,ref_aragaw_terefe_eastern_ethiopia_anthracnose_2024,ref_aragaw_terefe_eastern_ethiopia_anthracnose_2024,aragaw_terefe_eastern_ethiopia_anthracnose_2024_xml,Anthracnose,main article XML Tables 1-4,Complete public genotype-by-year main tables,experiment:ref_aragaw_terefe_eastern_ethiopia_anthracnose_2024,Original report of these measurements,,https://journals.plos.org/plosone/article?id=10.1371/journal.pone.0316016,Distinct Hirna 2017-2018 natural field experiment
lineage:ref_aruna_population_breeding_grain_mold_2021:all,ref_aruna_population_breeding_grain_mold_2021,ref_aruna_population_breeding_grain_mold_2021,ref_aruna_population_breeding_grain_mold_2021,ref_aruna_population_breeding_grain_mold_2021_pdf,Grain mold,main article Table 3; 2017 and 2018 across-location grain-mold scores,70 observations reported across endpoints and environments,experiment:aruna_population_breeding_india_2017_2018,Original report of these measurements,,https://doi.org/10.3389/fpls.2021.687332,Public Table 3 reports the 33 derivatives selected after the 2017 screen and two checks; aggregate totals cover the full set of 150 derivatives. The two years form one selection and validation sequence.
lineage:ref_barbosa_brazil_downy_mildew_2004:all,ref_barbosa_brazil_downy_mildew_2004,ref_barbosa_brazil_downy_mildew_2004,ref_barbosa_brazil_downy_mildew_2004,onegen_0166_barbosa_downy_mildew_pdf,Downy mildew,main article Table 1; systemic infection and reported reaction codes in two nurseries,168 observations reported across endpoints and environments,experiment:barbosa_sete_lagoas_two_nursery_downy_mildew,Original report of these measurements,,https://www.scielo.br/j/fb/a/twF3m7JSNJbFjFcXZVFRmBk/,The two nurseries belong to one study; their pathogen populations were untyped. CMSXS232 appears twice with different measurements and therefore yields two observations. The source prints conflicting reaction codes and designation wording.
lineage:ref_beshir_sudan_leaf_blight_2015:all,ref_beshir_sudan_leaf_blight_2015,ref_beshir_sudan_leaf_blight_2015,ref_beshir_sudan_leaf_blight_2015,ref_beshir_sudan_leaf_blight_2015_pdf,Leaf blight,main article Table 4; named-variety incidence and severity means,22 observations reported across endpoints and environments,experiment:beshir_central_sudan_leaf_blight_survey_2014,Original report of these measurements,,https://www.researchgate.net/publication/301285002_Prevalence_and_severity_of_sorghum_leaf_blight_in_the_sorghum_growing_areas_of_Central_Sudan,"Both citation paths lead to this article. Tables 2 and 4 are marginal summaries of the same survey. Variety results are pooled across fields, and the reported variety count differs from the analysis degrees of freedom."
lineage:ref_buiate_brazil_anthracnose_2009:all,ref_buiate_brazil_anthracnose_2009,ref_buiate_brazil_anthracnose_2009,ref_buiate_brazil_anthracnose_2009_field_screen,ref_buiate_brazil_anthracnose_2009_pdf,Anthracnose,MSc dissertation Tables 1A-2A; complete genotype-by-isolate severity and conditional latent-period matrices,3600 observations reported across endpoints and environments,experiment:buiate_brazil_anthracnose_field_screen_2006,Original report of these measurements,,https://repositorio.ufla.br/items/58707585-2c2b-48a8-9b1c-caaf6d0f85af,"The 2009 thesis provides the complete matrices; its repeated tables and the derived 2010 article report the same measurements. The thesis prints 1,504 latent-period dashes in source-defined categories. Most accessions or lines use study codes; explicitly named controls provide the available cross-study matches."
lineage:ref_costa_brazil_anthracnose_inheritance_2008:all,ref_costa_brazil_anthracnose_inheritance_2008,ref_costa_brazil_anthracnose_inheritance_2008,ref_costa_brazil_anthracnose_inheritance_2008,ref_costa_brazil_anthracnose_inheritance_2008_pdf,Anthracnose,technical bulletin Tables 1-3; unique named-parent reaction classes,26 observations reported across endpoints and environments,experiment:costa_brazil_anthracnose_inheritance_parent_reactions,Original report of these measurements,,https://www.infoteca.cnptia.embrapa.br/handle/doc/491777,"The bulletin reports reactions for unique named parents and aggregate progeny counts. Named-parent observations support summaries of candidates identified repeatedly; the progeny counts provide context. The 2011 article describes the same inheritance experiment. The sources use conflicting isolate designations and pathogen nomenclature."
lineage:ref_diatta_senegal_hybrids_grain_mold_2019:all,ref_diatta_senegal_hybrids_grain_mold_2019,ref_diatta_senegal_hybrids_grain_mold_2019,ref_diatta_senegal_hybrids_grain_mold_2019,ref_diatta_senegal_hybrids_grain_mold_2019_pdf,Grain mold,main article Table 3; pooled panicle grain-mold rating for five hybrids and one parent check,6 observations reported across endpoints and environments,experiment:diatta_senegal_natural_grain_mold_2012_2017,Original report of these measurements,,https://ugspace.ug.edu.gh/items/37f60f1e-5c91-4442-b342-e30e2bb723f2,The disease table contains complete pooled values for five study-specific hybrid codes and one parent check. These six reported lines constitute the comparison; the source identifies the hybrids by their G codes.
lineage:ref_erpelding_botswana_anthracnose_2011:all,ref_erpelding_botswana_anthracnose_2011,ref_erpelding_botswana_anthracnose_2011,ref_erpelding_botswana_anthracnose_2011,onegen_0023_botswana_anthracnose_pdf,Anthracnose,main article Table 1; 2007 and 2008 anthracnose ratings and infected-leaf-area percentages,688 observations reported across endpoints and environments,experiment:erpelding_isabela_anthracnose_2007_2008_campaign,Original report of these measurements,,https://doi.org/10.17221/34/2010-PPS,"The Botswana and Burundi panels share the Isabela site, 2007-2008 seasons, protocol, and several controls; they are grouped as one screening campaign for repeated identification. District passport metadata cover 129 of 154 Botswana accessions."
lineage:ref_erpelding_burundi_anthracnose_2010:all,ref_erpelding_burundi_anthracnose_2010,ref_erpelding_burundi_anthracnose_2010,ref_erpelding_burundi_anthracnose_2010,onegen_0022_burundi_anthracnose_pdf,Anthracnose,main article Table 1; 2007 and 2008 anthracnose ratings and infected-leaf-area percentages,640 observations reported across endpoints and environments,experiment:erpelding_isabela_anthracnose_2007_2008_campaign,Original report of these measurements,,https://doi.org/10.5251/abjna.2010.1.6.1119.1125,"The Burundi and Botswana panels share the Isabela site, 2007-2008 seasons, protocol, and several controls; they are grouped as one screening campaign for repeated identification. The source reports three additional Burundi accessions in aggregate, and the printed 12-control table differs from narrative wording that implies two additional susceptible controls."
lineage:ref_erpelding_mopti_anthracnose_2010:all,ref_erpelding_mopti_anthracnose_2010,ref_erpelding_mopti_anthracnose_2010,ref_erpelding_mopti_anthracnose_2010,onegen_0119_mopti_anthracnose_pdf,Anthracnose,main article Table 1; 2004 and 2005 anthracnose ratings and infected-leaf-area percentages,388 observations reported across endpoints and environments,experiment:erpelding_isabela_mali_anthracnose_2004_2005_campaign,Original report of these measurements,,https://doi.org/10.3844/ajabssp.2010.363.369,"The Mopti and Sikasso panels report the same Isabela planting dates, scale, and closely matching protocol, so they are grouped as one screening campaign for recurrence. The quantitative table contains the printed panel values; the Methods describe nine inoculated controls and one parallel control only in aggregate."
lineage:ref_erpelding_redlan_anthracnose_2007:all,ref_erpelding_redlan_anthracnose_2007,ref_erpelding_redlan_anthracnose_2007,ref_erpelding_redlan_anthracnose_2007,onegen_0179_redlan_inheritance_html,Anthracnose,publisher article; named-parent observations from the 2005 field inheritance experiment,11 observations reported across endpoints and environments,experiment:erpelding_isabela_redlan_pi609251_f2_2005,Original report of these measurements,,https://scialert.net/fulltext/?doi=ppj.2007.187.190,"The 479 F2 plants contribute the aggregate counts reported by the source. Prior Redlan evaluations are background, and the two deliberately chosen parents provide inheritance context."
lineage:ref_erpelding_sikasso_mali_anthracnose_2008:all,ref_erpelding_sikasso_mali_anthracnose_2008,ref_erpelding_sikasso_mali_anthracnose_2008,ref_erpelding_sikasso_mali_anthracnose_2008,onegen_0121_sikasso_anthracnose_pdf,Anthracnose,main article Table 1; 2004 and 2005 anthracnose ratings and infected-leaf-area percentages,584 observations reported across endpoints and environments,experiment:erpelding_isabela_mali_anthracnose_2004_2005_campaign,Original report of these measurements,,https://doi.org/10.2174/1874331500802010113,"The Sikasso and Mopti panels share the same Isabela planting dates, scale, and closely matching protocols and therefore form one screening campaign for recurrence. PI 609251 also has a non-inoculated treatment in the source."
lineage:ref_gaffoor_pennsylvania_anthracnose_2021:all,ref_gaffoor_pennsylvania_anthracnose_2021,ref_gaffoor_pennsylvania_anthracnose_2021,ref_gaffoor_pennsylvania_anthracnose_2021,gaffoor_2021_pennsylvania_anthracnose_pdf,Anthracnose,main article Table 3; greenhouse and field severity summaries for 35 selected lines,490 observations reported across endpoints and environments,experiment:gaffoor_pennsylvania_anthracnose_selected_subset_2016,Original report of these measurements,,https://oar.icrisat.org/13037/,The 35-line table contains lines selected by disease response in the 2013 to 2014 screening; the other 123 initial lines lack public values. Greenhouse and field results belong to one study. The source reports ranges and contrast P values as summaries of those measurements.
lineage:ref_girma_ethiopian_head_smut_2019:all,ref_girma_ethiopian_head_smut_2019,ref_girma_ethiopian_head_smut_2019,ref_girma_ethiopian_head_smut_2019,girma_ethiopian_head_smut_2019_phenotype_xlsx,Head smut,Girma et al_PhenotypeData.xlsx,Public PURR phenotype workbook recovered with accession-level 2015 and 2016 Arsi Negelle head-smut scores,experiment:ref_girma_ethiopian_head_smut_2019,Original report of these measurements,,https://purr.purdue.edu/publications/3189/1,Distinct 2015-2016 Ethiopian multi-location head-smut experiment
lineage:ref_hess_mali_anthracnose_2002:all,ref_hess_mali_anthracnose_2002,ref_hess_mali_anthracnose_2002,ref_hess_mali_anthracnose_2002,onegen_0231_mali_anthracnose_gxe_pdf,Anthracnose,main article Table 3; pooled means across two sites and three years,168 observations reported across endpoints and environments,experiment:hess_mali_longorola_samanko_anthracnose_1996_1998,Original report of these measurements,,https://oar.icrisat.org/5090/,Table 3 reports treatment means pooled across environments for a panel selected for prior resistance. Transformed and back-transformed columns express the same traits.
lineage:ref_koima_kenya_anthracnose_2023:field,ref_koima_kenya_anthracnose_2023,ref_koima_kenya_anthracnose_2023,ref_koima_kenya_anthracnose_2023_field,koima_kenya_anthracnose_2023_xml,Anthracnose,main article Tables 6-7,Genotype-by-site-and-season field anthracnose values,experiment:ref_koima_kenya_anthracnose_2023,Original report of these measurements,,https://www.mdpi.com/2309-608X/9/1/100,The source reports field and greenhouse assays on different rating scales within the same study.
lineage:ref_koima_kenya_anthracnose_2023:greenhouse,ref_koima_kenya_anthracnose_2023,ref_koima_kenya_anthracnose_2023,ref_koima_kenya_anthracnose_2023_greenhouse,koima_kenya_anthracnose_2023_xml,Anthracnose,main article Table 5,Genotype-level greenhouse anthracnose reactions,experiment:ref_koima_kenya_anthracnose_2023,Original report of these measurements,,https://www.mdpi.com/2309-608X/9/1/100,The source reports field and greenhouse assays on different rating scales within the same study.
lineage:ref_komolong_ergot_ovary_2003:all,ref_komolong_ergot_ovary_2003,ref_komolong_ergot_ovary_2003,ref_komolong_ergot_ovary_2003,onegen_0225_komolong_ergot_ovary_pdf,Ergot,main article Table 1; line-by-isolate-by-inoculum-dose colonization rates and printed line means,36 observations reported across endpoints and environments,experiment:komolong_brisbane_ergot_ovary_colonization,Original report of these measurements,,https://era.dpi.qld.gov.au/id/eprint/10542/,"This mechanistic host-pathogen study provides biological context. Printed marginal means summarize the reported experimental measurements, and the source prints both AKS4 and ASK4."
lineage:ref_kumar_icrisat_grain_mold_hybrids_2008:all,ref_kumar_icrisat_grain_mold_hybrids_2008,ref_kumar_icrisat_grain_mold_hybrids_2008,ref_kumar_icrisat_grain_mold_hybrids_2008,ref_kumar_icrisat_grain_mold_hybrids_2008_pdf,Grain mold,main article Table 2; two-year pooled panicle grain-mold ratings,25 observations reported across endpoints and environments,experiment:icrisat_patancheru_grain_mold_2006_2007,Original report of these measurements,,https://oar.icrisat.org/2695/,"Table 2 reports all 25 accessions or lines, with only the pooled two-year rating publicly available. Hybrids, parents, and controls have distinct documented labels; pedigree information provides supporting context."
lineage:ref_mcmahan_conversion_panel_leaf_blight_2020:all,ref_mcmahan_conversion_panel_leaf_blight_2020,ref_mcmahan_conversion_panel_leaf_blight_2020,ref_mcmahan_conversion_panel_leaf_blight_2020,ref_mcmahan_conversion_panel_leaf_blight_2020_phenotypes_csv,Leaf blight,"publisher phenotype CSV; 2016, 2017, combined-year, and 2018 BLUP columns",2784 observations reported across endpoints and environments,experiment:zhang_sorghum_conversion_panel_leaf_blight_2016_2018,Original report of these measurements,,https://doi.org/10.1186/s12870-020-2275-z,"The article and publisher CSV describe the same experiment. The CSV reports 170 measurements as NA. The article's interpretation of incubation-period BLUP direction conflicts with the check values; candidate ranking is therefore based on the other endpoints. The source contains both SC0283 and SC283, and both BTx623 and Tx623, as distinct printed labels."
lineage:ref_mekonen_ethiopia_anthracnose_pathotypes_2024:all,ref_mekonen_ethiopia_anthracnose_pathotypes_2024,ref_mekonen_ethiopia_anthracnose_pathotypes_2024,ref_mekonen_ethiopia_anthracnose_pathotypes_2024,mekonen_ethiopia_anthracnose_pathotypes_2024_xml,Anthracnose pathotype,main article XML tables,Complete public genotype-by-isolate binary matrix and severity summaries,experiment:ref_mekonen_ethiopia_anthracnose_pathotypes_2024,Original report of these measurements,,https://www.frontiersin.org/journals/microbiology/articles/10.3389/fmicb.2024.1458450/full,Distinct Ethiopian isolate-by-genotype experiment
lineage:ref_mengistu_ethiopia_anthracnose_2021:all,ref_mengistu_ethiopia_anthracnose_2021,ref_mengistu_ethiopia_anthracnose_2021,ref_mengistu_ethiopia_anthracnose_2021,mengistu_ethiopia_anthracnose_2021_s1_csv,Anthracnose,S1 Table.csv,Complete public genotype-level final severity and relative AUDPC table,experiment:ref_mengistu_ethiopia_anthracnose_2021,Original report of these measurements,,https://journals.plos.org/plosone/article?id=10.1371/journal.pone.0261461,Distinct Bako 2016-2018 field experiment
lineage:ref_mpofu_grain_mold_fgs_2014:all,ref_mpofu_grain_mold_fgs_2014,ref_mpofu_grain_mold_fgs_2014,ref_mpofu_grain_mold_fgs_2014,ref_mpofu_grain_mold_fgs_2014_pdf,Grain mold,main article Table 1; historical field grain-mold grade and reported reaction class,22 observations reported across endpoints and environments,experiment:unresolved_prior_field_evaluations_reported_by_mpofu_2014,Original report not identified in the available source,,https://doi.org/10.1007/s00425-014-2081-7,The Table 1 field grade and reaction class provide historical phenotype evidence from an earlier field evaluation cited by Mpofu et al. (2014).
lineage:ref_nageshkumar_india_genetic_gain_grain_mold_2022:all,ref_nageshkumar_india_genetic_gain_grain_mold_2022,ref_nageshkumar_india_genetic_gain_grain_mold_2022,ref_nageshkumar_india_genetic_gain_grain_mold_2022,ref_nageshkumar_india_genetic_gain_grain_mold_2022_pdf,Grain mold,main article Table 4; regional joint and overall grain-mold performance values,96 observations reported across endpoints and environments,experiment:india_genetic_gain_six_locations_2018_2020,Original report of these measurements,,https://doi.org/10.3389/fpls.2022.1056040,"Regional and overall columns summarize one study. The table heading describes the published values as means, whereas the Methods calls them BLUPs."
lineage:ref_navi_elite_multiple_disease_2003:all,ref_navi_elite_multiple_disease_2003,ref_navi_elite_multiple_disease_2003,ref_navi_elite_multiple_disease_2003,ref_navi_elite_multiple_disease_2003_pdf,Multiple sorghum diseases,main article Table 2; 82 accessions selected as disease free,82 observations reported across endpoints and environments,experiment:navi_elite_landraces_patancheru_2001,Original report of these measurements,,https://oar.icrisat.org/1455/,"The source names 82 selected positives and reports the remaining 863 accessions only as an aggregate count. The fourteen diseases are reported as a composite outcome, so this source contributes composite multiple-disease evidence."
lineage:ref_prom_anthracnose_screening_method_2009:all,ref_prom_anthracnose_screening_method_2009,,,prom_anthracnose_screening_method_2009_pdf,Anthracnose,article experiment and aggregate results,September 2007 and January 2008 Texas greenhouse experiment,experiment:minicore_anthracnose_2007_2008,Original report of these measurements,,https://www.openagriculturejournal.com/VOLUME/3/PAGE/20/FULLTEXT/,Same September 2007 and January 2008 Texas greenhouse anthracnose experiment later represented at binary resolution in the 2019 supplement
lineage:ref_radwan_downy_mildew_p6_2011:all,ref_radwan_downy_mildew_p6_2011,,,,Downy mildew,"article experiment, aggregate counts and selected resistant names",Texas P6 screen underlying the later mini-core R/S classifications,experiment:minicore_downy_mildew_p6,Original report of these measurements,,https://apsjournals.apsnet.org/doi/10.1094/PHP-2011-0323-01-RS,Original Texas P6 downy-mildew experiment underlying the 2019 mini-core R/S classification
lineage:ref_sharma_minicore_foliar_diseases_2012:anthracnose_2009_full_recovered,ref_sharma_minicore_foliar_diseases_2012,ref_sharma_minicore_foliar_diseases_2012,ref_sharma_minicore_foliar_diseases_2012,upadhyaya_minicore_anthracnose_2013_s1_xlsx,Anthracnose,122_2013_2081_MOESM1_ESM.xlsx::Sheet1 column B (2009),"The workbook provides complete 2009 anthracnose values for 243 unique IS labels, whereas both publications report 242 accessions. The published decimal values have an unspecified estimator.",experiment:sharma_minicore_anthracnose_2009_2010,Original report of these measurements,,https://apsjournals.apsnet.org/doi/10.1094/PDIS-10-11-0875-RE,"Measurements from the 2012 ICRISAT experiment are available in the 2013 public supplement. The original method used a progressive 1-9 scale, with lower scores indicating less disease (1=no disease; 9=76-100% leaf area with lesions) and resistance defined as score <=3. The supplement reports decimal values without naming their estimator."
lineage:ref_sharma_minicore_foliar_diseases_2012:anthracnose_2010_full_recovered,ref_sharma_minicore_foliar_diseases_2012,ref_sharma_minicore_foliar_diseases_2012,ref_sharma_minicore_foliar_diseases_2012,upadhyaya_minicore_anthracnose_2013_s1_xlsx,Anthracnose,122_2013_2081_MOESM1_ESM.xlsx::Sheet1 column C (2010),"The workbook provides complete 2010 anthracnose values for 243 unique IS labels, whereas both publications report 242 accessions. The published decimal values have an unspecified estimator.",experiment:sharma_minicore_anthracnose_2009_2010,Original report of these measurements,,https://apsjournals.apsnet.org/doi/10.1094/PDIS-10-11-0875-RE,"Measurements from the 2012 ICRISAT experiment are available in the 2013 public supplement. The original method used a progressive 1-9 scale, with lower scores indicating less disease (1=no disease; 9=76-100% leaf area with lesions) and resistance defined as score <=3. The supplement reports decimal values without naming their estimator."
lineage:ref_sharma_minicore_foliar_diseases_2012:selected38_anthracnose_2009,ref_sharma_minicore_foliar_diseases_2012,ref_sharma_minicore_foliar_diseases_2012,ref_sharma_minicore_foliar_diseases_2012,sharma_minicore_foliar_diseases_2012_pdf,Anthracnose,"ICRISAT postprint Table 2, anthracnose 2009 column",Two-replicate 2009 mean for each of 38 accessions selected for resistance to at least one of the three diseases; resistance-selected mini-core subset,experiment:sharma_minicore_anthracnose_2009_2010,Original report of these measurements,,https://apsjournals.apsnet.org/doi/10.1094/PDIS-10-11-0875-RE,"Table 2 reports means from two replicates and 10 plants per replicate at dough stage on the progressive 1-9 severity scale; lower is better and score <=3 is resistant. The 38 accessions were selected for resistance to at least one disease, so Table 2 supports comparisons within this subset. Population summaries come from the full cohort."
lineage:ref_sharma_minicore_foliar_diseases_2012:selected38_anthracnose_2010,ref_sharma_minicore_foliar_diseases_2012,ref_sharma_minicore_foliar_diseases_2012,ref_sharma_minicore_foliar_diseases_2012,sharma_minicore_foliar_diseases_2012_pdf,Anthracnose,"ICRISAT postprint Table 2, anthracnose 2010 column",Two-replicate 2010 mean for each of 38 accessions selected for resistance to at least one of the three diseases; resistance-selected mini-core subset,experiment:sharma_minicore_anthracnose_2009_2010,Original report of these measurements,,https://apsjournals.apsnet.org/doi/10.1094/PDIS-10-11-0875-RE,"Table 2 reports means from two replicates and 10 plants per replicate at dough stage on the progressive 1-9 severity scale; lower is better and score <=3 is resistant. The 38 accessions were selected for resistance to at least one disease, so Table 2 supports comparisons within this subset. Population summaries come from the full cohort."
lineage:ref_sharma_minicore_foliar_diseases_2012:selected38_leaf_blight_2009,ref_sharma_minicore_foliar_diseases_2012,ref_sharma_minicore_foliar_diseases_2012,ref_sharma_minicore_foliar_diseases_2012,sharma_minicore_foliar_diseases_2012_pdf,Leaf blight,"ICRISAT postprint Table 2, leaf blight 2009 column",Two-replicate 2009 mean for each of 38 accessions selected for resistance to at least one of the three diseases; resistance-selected mini-core subset,experiment:sharma_minicore_leaf_blight_2009_2010,Original report of these measurements,,https://apsjournals.apsnet.org/doi/10.1094/PDIS-10-11-0875-RE,"Table 2 reports means from two replicates and 10 plants per replicate at dough stage on the progressive 1-9 severity scale; lower is better and score <=3 is resistant. The 38 accessions were selected for resistance to at least one disease, so Table 2 supports comparisons within this subset. Population summaries come from the full cohort."
lineage:ref_sharma_minicore_foliar_diseases_2012:selected38_leaf_blight_2010,ref_sharma_minicore_foliar_diseases_2012,ref_sharma_minicore_foliar_diseases_2012,ref_sharma_minicore_foliar_diseases_2012,sharma_minicore_foliar_diseases_2012_pdf,Leaf blight,"ICRISAT postprint Table 2, leaf blight 2010 column",Two-replicate 2010 mean for each of 38 accessions selected for resistance to at least one of the three diseases; resistance-selected mini-core subset,experiment:sharma_minicore_leaf_blight_2009_2010,Original report of these measurements,,https://apsjournals.apsnet.org/doi/10.1094/PDIS-10-11-0875-RE,"Table 2 reports means from two replicates and 10 plants per replicate at dough stage on the progressive 1-9 severity scale; lower is better and score <=3 is resistant. The 38 accessions were selected for resistance to at least one disease, so Table 2 supports comparisons within this subset. Population summaries come from the full cohort."
lineage:ref_sharma_minicore_foliar_diseases_2012:selected38_rust_greenhouse_2010,ref_sharma_minicore_foliar_diseases_2012,ref_sharma_minicore_foliar_diseases_2012,ref_sharma_minicore_foliar_diseases_2012,sharma_minicore_foliar_diseases_2012_pdf,Rust,"ICRISAT postprint Table 2, rust (%) column","Greenhouse rust severity percentage, mean of two replicates and 10 plants per replicate, for the same resistance-selected 38 accessions; the corresponding field-rust values are not tabulated",experiment:sharma_minicore_rust_2010,Original report of these measurements,,https://apsjournals.apsnet.org/doi/10.1094/PDIS-10-11-0875-RE,"Lower rust severity is better; the source defines <=10% as resistant, 11-20% as moderately resistant, 21-50% as susceptible, and >50% as highly susceptible. The article states that six accessions were resistant in both greenhouse and field screens, but Table 2 supplies the greenhouse percentages only."
lineage:ref_tesema_ethiopia_leaf_blight_2022:all,ref_tesema_ethiopia_leaf_blight_2022,ref_tesema_ethiopia_leaf_blight_2022,ref_tesema_ethiopia_leaf_blight_2022,tesema_2022_turcicum_leaf_blight_pdf,Leaf blight,main article Tables 3 and 4; disease measurements and reaction types at two locations,252 observations reported across endpoints and environments,experiment:tesema_ethiopia_tlb_2018_two_location,Original report of these measurements,,https://doi.org/10.30574/ijsra.2022.5.2.0062,"The source uses agreement between locations to describe stability within the study. It contains malformed headers, uses both Meko 1 and Meko-1, and gives conflicting disease-progress rates in the table and prose. It also reports model standard errors and R-squared."
lineage:ref_tesso_fusarium_stalk_rot_2009:ref_tesso_fusarium_stalk_rot_2009_protocol_2001,ref_tesso_fusarium_stalk_rot_2009,ref_tesso_fusarium_stalk_rot_2009,ref_tesso_fusarium_stalk_rot_2009_protocol_2001,ref_tesso_fusarium_stalk_rot_2009_pdf,Fusarium stalk rot,main article Tables 2-4; protocol-factor marginal means and 2008 validation genotype means,40 observations reported across endpoints and environments,experiment:tesso_fusarium_stalk_rot_methods_program_2001_2002_2008,Original report of these measurements,,https://doi.org/10.5897/AJPS.9000014,The publication presents the 2001 and 2002 Fusarium verticillioides protocol experiments and the 2008 Fusarium thapsinum validation screen as one methods program. Tables 2 to 4 provide distinct results for each experiment and give factor marginal means. Table 4 labels one line RT × 2911 whereas Results uses Tx2911.
lineage:ref_tesso_fusarium_stalk_rot_2009:ref_tesso_fusarium_stalk_rot_2009_protocol_2002,ref_tesso_fusarium_stalk_rot_2009,ref_tesso_fusarium_stalk_rot_2009,ref_tesso_fusarium_stalk_rot_2009_protocol_2002,ref_tesso_fusarium_stalk_rot_2009_pdf,Fusarium stalk rot,main article Tables 2-4; protocol-factor marginal means and 2008 validation genotype means,200 observations reported across endpoints and environments,experiment:tesso_fusarium_stalk_rot_methods_program_2001_2002_2008,Original report of these measurements,,https://doi.org/10.5897/AJPS.9000014,The publication presents the 2001 and 2002 Fusarium verticillioides protocol experiments and the 2008 Fusarium thapsinum validation screen as one methods program. Tables 2 to 4 provide distinct results for each experiment and give factor marginal means. Table 4 labels one line RT × 2911 whereas Results uses Tx2911.
lineage:ref_tesso_fusarium_stalk_rot_2009:ref_tesso_fusarium_stalk_rot_2009_validation_2008,ref_tesso_fusarium_stalk_rot_2009,ref_tesso_fusarium_stalk_rot_2009,ref_tesso_fusarium_stalk_rot_2009_validation_2008,ref_tesso_fusarium_stalk_rot_2009_pdf,Fusarium stalk rot,main article Tables 2-4; protocol-factor marginal means and 2008 validation genotype means,118 observations reported across endpoints and environments,experiment:tesso_fusarium_stalk_rot_methods_program_2001_2002_2008,Original report of these measurements,,https://doi.org/10.5897/AJPS.9000014,The publication presents the 2001 and 2002 Fusarium verticillioides protocol experiments and the 2008 Fusarium thapsinum validation screen as one methods program. Tables 2 to 4 provide distinct results for each experiment and give factor marginal means. Table 4 labels one line RT × 2911 whereas Results uses Tx2911.
lineage:ref_thakur_indian_anthracnose_populations_1998:field_reaction_severity,ref_thakur_indian_anthracnose_populations_1998,ref_thakur_indian_anthracnose_populations_1998,ref_thakur_indian_anthracnose_populations_1998_field,thakur_indian_anthracnose_populations_1998_pdf,Anthracnose pathotype,main article Table 3,Mean R/MR/S reaction and 1-9 severity for 15 named differential lines at six Indian field locations over 1992-1996 (four or five years by location); unnamed local check summaries lack stable accession identifiers,experiment:thakur_indian_anthracnose_populations_1992_1996,Original report of these measurements,,https://oar.icrisat.org/1722/,"Adult plants were scored at soft-dough stage. R denotes no symptoms or chlorotic flecks, MR denotes red or necrotic spots without acervuli, and S denotes spots with acervuli. Severity is 1-9 and lower is better: 1=no lesions; 2=1-5%; 3=6-10%; 4=11-20%; 5=21-30%; 6=31-40%; 7=41-50%; 8=51-75%; 9=>75% leaf area with lesions."
lineage:ref_thakur_indian_anthracnose_populations_1998:greenhouse_latent_period,ref_thakur_indian_anthracnose_populations_1998,ref_thakur_indian_anthracnose_populations_1998,ref_thakur_indian_anthracnose_populations_1998_greenhouse,thakur_indian_anthracnose_populations_1998_pdf,Anthracnose pathotype,main article Table 5,Mean latent period in days for 16 named lines by six isolates in the same two-run greenhouse assay,experiment:thakur_indian_anthracnose_populations_1992_1996,Original report of these measurements,,https://oar.icrisat.org/1722/,Latent period is days from inoculation to the first necrotic lesion for MR reactions or first sporulating lesion for S reactions. The source provides dashes for unavailable latent-period values; all numeric summaries come from reported measurements.
lineage:ref_thakur_indian_anthracnose_populations_1998:greenhouse_reaction_severity,ref_thakur_indian_anthracnose_populations_1998,ref_thakur_indian_anthracnose_populations_1998,ref_thakur_indian_anthracnose_populations_1998_greenhouse,thakur_indian_anthracnose_populations_1998_pdf,Anthracnose pathotype,main article Table 4,"Mean R/MR/S reaction and 1-9 severity for 16 named lines by six single-lesion isolates in a seedling greenhouse assay, based on two experimental runs",experiment:thakur_indian_anthracnose_populations_1992_1996,Original report of these measurements,,https://oar.icrisat.org/1722/,Seedlings were scored 14 days after inoculation using the same reaction and severity definitions as the field assay. Shared differential lines occur in both assays. Table 3 contains field scores and Table 4 contains greenhouse scores; the source contains typographical inconsistencies.
lineage:ref_thakur_indian_anthracnose_populations_1998:greenhouse_virulence_index,ref_thakur_indian_anthracnose_populations_1998,ref_thakur_indian_anthracnose_populations_1998,ref_thakur_indian_anthracnose_populations_1998_greenhouse,thakur_indian_anthracnose_populations_1998_pdf,Anthracnose pathotype,main article Table 6,Derived virulence index for 16 lines by six isolates in the greenhouse assay,experiment:thakur_indian_anthracnose_populations_1992_1996,Measurements also reported in an earlier source,lineage:ref_thakur_indian_anthracnose_populations_1998:greenhouse_reaction_severity,https://oar.icrisat.org/1722/,"The article derives VI=[1+(virulence x aggressiveness) x latent period^-1], coding R=1, MR=2, and S=3 and incorporating the Table 5 latent period. VI is a derived summary of the same greenhouse experiment."
lineage:ref_thakur_indian_anthracnose_populations_1998:putative_pathotypes,ref_thakur_indian_anthracnose_populations_1998,ref_thakur_indian_anthracnose_populations_1998,ref_thakur_indian_anthracnose_populations_1998_pathotype_summary,thakur_indian_anthracnose_populations_1998_pdf,Anthracnose pathotype,main article Table 7,Putative P1-P6 assignments derived from field and greenhouse reactions of six selected differential lines,experiment:thakur_indian_anthracnose_populations_1992_1996,Measurements also reported in an earlier source,lineage:ref_thakur_indian_anthracnose_populations_1998:greenhouse_reaction_severity,https://oar.icrisat.org/1722/,Table 7 pathotype calls derive from the Table 3 field and Table 4 greenhouse responses from the same disease experiment.
lineage:ref_tomar_kansas_grain_mold_controls_2016:all,ref_tomar_kansas_grain_mold_controls_2016,ref_tomar_kansas_grain_mold_controls_2016,ref_tomar_kansas_grain_mold_controls_2016,ref_tomar_kansas_grain_mold_controls_2016_pdf,Grain mold,"doctoral thesis Table 3.4; eight checks by year, treatment, and grain-mold endpoint",96 observations reported across endpoints and environments,experiment:kansas_sap_f_thapsinum_2014_2015,Original report of these measurements,,https://hdl.handle.net/2097/32638,Public Table 3.4 provides exact measurements for eight checks from the 229-line association panel and marks 12 measurements as NA. The prose and source table conflict on some values. The source reports the full 229-line panel in aggregate.
lineage:ref_upadhyaya_minicore_anthracnose_2013:anthracnose_2009_recovery,ref_upadhyaya_minicore_anthracnose_2013,,,upadhyaya_minicore_anthracnose_2013_recovery_xlsx,Anthracnose,Supplementary Table S1::Sheet1 column B (2009),"Public recovery copy of the 2009 anthracnose phenotype column from the Sharma et al. 2012 experiment; 243 unique IS labels, no missing cells, while the article reports 242 accessions",experiment:sharma_minicore_anthracnose_2009_2010,Measurements also reported in an earlier source,lineage:ref_sharma_minicore_foliar_diseases_2012:anthracnose_2009_full_recovered,https://link.springer.com/article/10.1007/s00122-013-2081-1,The 2013 article cites Sharma et al. 2012 for phenotyping and reuses those year-specific measurements for association analysis. The public source table reproduces year-specific disease measurements from the original experiment.
lineage:ref_upadhyaya_minicore_anthracnose_2013:anthracnose_2010_recovery,ref_upadhyaya_minicore_anthracnose_2013,,,upadhyaya_minicore_anthracnose_2013_recovery_xlsx,Anthracnose,Supplementary Table S1::Sheet1 column C (2010),"Public recovery copy of the 2010 anthracnose phenotype column from the Sharma et al. 2012 experiment; 243 unique IS labels, no missing cells, while the article reports 242 accessions",experiment:sharma_minicore_anthracnose_2009_2010,Measurements also reported in an earlier source,lineage:ref_sharma_minicore_foliar_diseases_2012:anthracnose_2010_full_recovered,https://link.springer.com/article/10.1007/s00122-013-2081-1,The 2013 article cites Sharma et al. 2012 for phenotyping and reuses those year-specific measurements for association analysis. The public source table reproduces year-specific disease measurements from the original experiment.
lineage:senegal_head_smut_pathotype5:all,senegal_head_smut_pathotype5,senegal_head_smut_pathotype5,ahn_2024_head_smut_p5,senegal_head_smut_p5_zip_s1,Head smut P5,Supplementary Data S1.xlsx,Public experiment-level workbook available,experiment:senegal_head_smut_pathotype5,Original report of these measurements,,https://www.mdpi.com/2223-7747/13/7/977,The workbook republishes prior phenotype columns; the repeated columns derive from the same underlying measurements as the earlier report.
lineage:senegal_seedling_anthracnose:all,senegal_seedling_anthracnose,senegal_seedling_anthracnose,ahn_2022_seedling_anthracnose,senegal_seedling_anthracnose_xlsx,Anthracnose,41598_2022_16844_MOESM1_ESM.xlsx,Public accession-level repeated leaf-score workbook available,experiment:senegal_seedling_anthracnose,Original report of these measurements,,https://www.nature.com/articles/s41598-022-16844-6,Distinct seedling or excised-leaf experiment representing a different assay from the 2021 eight-isolate later-stage study
lineage:sweet_sorghum_multilocation_anthracnose:all,sweet_sorghum_multilocation_anthracnose,prom_sweet_anthracnose_2023,prom_sweet_anthracnose_2023,sweet_anthracnose_2023_s2_xlsx,Anthracnose,"Table_1_Genetic diversity, population structure and anthracnose resistance response in a novel sweet sorghum diversity panel.xlsx",Public accession-by-location/year workbook available,experiment:sweet_sorghum_multilocation_anthracnose,Original report of these measurements,,https://frontiersin.figshare.com/articles/dataset/Table_1_Genetic_diversity_population_structure_and_anthracnose_resistance_response_in_a_novel_sweet_sorghum_diversity_panel_xlsx/24407401,Original sweet-sorghum panel experiment
