Dataset identifier,Source identifier,Study identifier,Independent screen identifier,Data source,Observations (n),Accessions or lines assessed (n),Diseases (n),Endpoints (n),Environments (n),Study roles,Pareto analysis identifier,Candidate criteria applied (n),Candidates (n),Role in the analysis
ethiopian_field_anthracnose_multisite,ethiopian_field_anthracnose_multisite,ethiopian_field_anthracnose_multisite,experiment:ethiopian_field_anthracnose_multisite,Publicly available study source,1432,358,1,1,4,Genotype; Susceptible check,pareto_ethiopian_field_anthracnose_locations,1,53,Candidate criterion applied
panelA_pr_multidisease,panelA_pr_multidisease,panelA_pr_2017_2018,experiment:panelA_pr_multidisease,Cited publication and associated public data file,2743,199,3,3,1,Reference check; Test accession,pareto_panelA_three_diseases,5,87,Candidate criterion applied
panelB_wa_leafblight,panelB_wa_leafblight,panelB_senegal_2022,experiment:panelB_wa_leafblight,Cited publication and associated public data file,2678,104,1,2,1,Reference check; Test accession,pareto_panelB_leaf_blight_endpoints,1,10,Candidate criterion applied
prom_accession_anthracnose_grain_mold_2020,prom_accession_anthracnose_grain_mold_2020,prom_accession_anthracnose_grain_mold_2020,experiment:prom_accession_anthracnose_grain_mold_texas_2010_2015,Publicly available study source,214,49,2,7,5,Accession; Two-accession treatment subset selected by outcome; Resistant control; Susceptible control,pareto_accession_anthracnose_grain_mold_2020,2,13,Candidate criterion applied
prom_agronomic_grain_mold_senegal_2026,prom_agronomic_grain_mold_senegal_2026,prom_agronomic_grain_mold_senegal_2026,experiment:prom_senegal_grain_mold_2022_two_location_trial,Publicly available study source,48,24,1,2,1,Cultivar or line,pareto_prom_2026_grain_mold_panicle_and_threshed,1,2,Candidates reported from pooled means at two locations
prom_anthracnose_pathotype_differentials_2023,anthracnose_pathotype_differentials,prom_anthracnose_pathotype_differentials_2023,experiment:anthracnose_pathotype_differentials,Publicly available study source,540,18,1,1,30,Differential line,,0,0,Pathogen differential study
prom_china_ergot_2008,prom_china_ergot_2008,prom_china_ergot_2008,experiment:prom_chinese_shared_panel_college_station_2005_2006_screening_program,Publicly available study source,352,44,1,1,8,Chinese accession; Resistant control; Susceptible control,pareto_china_ergot_final_inoculated_years,1,4,Candidate criterion applied
prom_chinese_downy_anthracnose_2007,prom_chinese_downy_anthracnose_2007,prom_chinese_downy_anthracnose_2007,experiment:prom_chinese_shared_panel_college_station_2005_2006_screening_program,Publicly available study source,80,40,2,2,1,Accession,,2,13,Candidate criterion applied
prom_converted_lines_anthracnose_downy_2016,prom_converted_lines_anthracnose_downy_2016,prom_converted_lines_anthracnose_downy_2016,experiment:prom_converted_panel_texas_2008_2009,Publicly available study source,260,65,2,3,3,Check; Converted line,,2,21,Candidate criterion applied
prom_converted_lines_grain_biodeterioration_2016,prom_converted_lines_grain_biodeterioration_2016,prom_converted_lines_grain_biodeterioration_2016,experiment:prom_converted_panel_texas_2008_2009,Publicly available study source,195,65,1,3,1,Resistant check; Sorghum converted line; Susceptible check,pareto_converted_lines_2016_grain_mold_measurements,1,4,Candidate criterion applied
prom_differentials_other_diseases_niger_2020,prom_differentials_other_diseases_niger_2020,prom_differentials_other_diseases_niger_2020,experiment:prom_niger_differentials_other_diseases_2018,Publicly available study source,249,21,8,1,2,Anthracnose differential line; Anthracnose resistant check differential; Anthracnose susceptible check,,0,0,Descriptive results
prom_ergot_severity_mexico_us_2008,prom_ergot_severity_mexico_us_2008,prom_ergot_severity_mexico_us_2008,experiment:mexico_us_ergot_three_location_2002_2003,Publicly available study source,36,9,1,1,4,Hybrid; Male sterile A line,pareto_mexico_us_ergot_locations,0,0,Descriptive results
prom_ethiopia_anthracnose_2019,prom_ethiopia_anthracnose_2019,prom_ethiopia_anthracnose_2019,experiment:prom_ethiopia_anthracnose_2019,Publicly available study source,1670,334,1,2,5,Accession,pareto_ethiopia_anthracnose_locations,1,25,Candidate criterion applied
prom_ethiopia_anthracnose_subset_2022,prom_ethiopia_anthracnose_subset_2022,prom_ethiopia_anthracnose_subset_2022,experiment:prom_ethiopia_subset_isabela_2019_2020,Publicly available study source,388,97,1,2,2,Accession; Accession with a printed label discrepancy; Resistant check; Susceptible check,pareto_ethiopia_subset_2022_anthracnose_years,1,29,Candidate criterion applied
prom_ethiopia_anthracnose_weather_2010,prom_ethiopia_anthracnose_weather_2010,prom_ethiopia_anthracnose_weather_2010,experiment:ethiopia_anthracnose_southern_ethiopia_2007_2008,Publicly available study source,48,4,1,4,3,Local susceptible check; Resistant line; Universally susceptible cultivar,,0,0,Descriptive results
prom_ethiopia_grain_mold_2024,prom_ethiopia_grain_mold_2024,prom_ethiopia_grain_mold_2024,experiment:prom_ethiopia_grain_mold_2024,Publicly available study source,1650,330,1,5,1,Accession,pareto_ethiopia_grain_mold_endpoints,0,0,Descriptive results
prom_ethiopia_mali_fusarium_2013,prom_ethiopia_mali_fusarium_2013,prom_ethiopia_mali_fusarium_2013,experiment:prom_fusarium_grain_mold_panels_isabela_2006,Publicly available study source,168,42,1,4,1,Accession; Resistant control; Susceptible control,pareto_ethiopia_mali_2013_grain_mold_measurements,1,8,Candidate criterion applied
prom_excised_leaf_screen_2015,prom_excised_leaf_screen_2015,prom_excised_leaf_screen_2015,experiment:prom_excised_leaf_method_comparison_2015,Publicly available study source,48,16,1,3,2,Line; Resistant check; Susceptible check,,2,0,Candidate criterion applied
prom_four_country_anthracnose_2012,prom_four_country_anthracnose_2012,prom_four_country_anthracnose_2012,experiment:prom_four_country_anthracnose_2007_2008_pr,Publicly available study source,370,74,1,2,4,Accession; Resistant control; Susceptible control,pareto_four_country_2012_anthracnose_environments,1,22,Candidate criterion applied
prom_grain_mold_differentials_pr_2023,prom_grain_mold_differentials_pr_2023,prom_grain_mold_differentials_pr_2023,experiment:prom_grain_mold_differentials_pr_2019_2020,Publicly available study source,69,23,1,3,1,Anthracnose or head smut differential line,,0,0,Descriptive results
prom_head_smut_isolate_variability_2024,prom_head_smut_isolate_variability_2024,prom_head_smut_isolate_variability_2024,experiment:prom_head_smut_isolate_variability_2024,Publicly available study source,126,6,1,1,21,Differential line,,0,0,Pathogen differential study
prom_head_smut_virulence_2011,prom_head_smut_virulence_2011,prom_head_smut_virulence_2011,experiment:prom_head_smut_32_texas_isolates_host_differentials,Publicly available study source,58,7,1,2,11,Host differential; Universally resistant host differential; Universally susceptible host differential,,0,0,Descriptive results
prom_leaf_traits_anthracnose_2020,prom_leaf_traits_anthracnose_2020,prom_leaf_traits_anthracnose_2020,experiment:ahn_sorghum_leaf_tissue_anthracnose_assay,Publicly available study source,576,3,1,12,1,Sorghum cultivar mechanistic tissue assay,,0,0,Descriptive results
prom_lines_long_smut_grain_mold_2017,prom_lines_long_smut_grain_mold_2017,prom_lines_long_smut_grain_mold_2017,experiment:prom_senegal_long_smut_grain_mold_2011_2012,Publicly available study source,46,23,2,2,1,Grain mold resistant check; Senegalese line; U.S. line or hybrid,pareto_bambey_2017_long_smut_grain_mold,2,2,Candidate criterion applied
prom_mali_anthracnose_2004,prom_mali_anthracnose_2004,prom_mali_anthracnose_2004,experiment:prom_mali_anthracnose_isabela_2003,Publicly available study source,572,286,1,1,2,Accession; Accession duplicate seed lot; control,pareto_mali_2004_anthracnose_seasons,1,211,Candidate criterion applied
prom_minicore_multidisease_2019,prom_minicore_multidisease_2019,prom_minicore_multidisease_2019,experiment_set:minicore_anthracnose_2007_2008+minicore_downy_mildew_p6+minicore_head_smut_2011,Publicly available study source,735,245,3,1,2,Accession or check,,0,0,Descriptive results
prom_mozambique_anthracnose_2006,prom_mozambique_anthracnose_2006,prom_mozambique_anthracnose_2006,experiment:prom_mozambique_anthracnose_isabela_2004,Publicly available study source,96,24,1,2,2,Accession; Resistant control; Susceptible control,pareto_mozambique_2006_anthracnose_seasons,1,12,Candidate criterion applied
prom_ql3_is18760_anthracnose_inheritance_2021,prom_ql3_is18760_anthracnose_inheritance_2021,prom_ql3_is18760_anthracnose_inheritance_2021,experiment:cuevas_ql3_is18760_ril_field_and_nested_pathotype_study,Publicly available study source,1046,271,1,3,11,Common susceptible parent; Is18760 parent; Ql3 parent; Recombinant inbred line is18760 x pi609251; Recombinant inbred line is18760 x pi609251 pathotype subset; Recombinant inbred line ql3 x pi609251; Recombinant inbred line ql3 x pi609251 pathotype subset,pareto_ql3_is18760_ril_field_locations,2,16,Candidate criterion applied
prom_sap_grain_mold_texas_2020_via_2026,prom_sap_grain_mold_texas_2020,prom_sap_grain_mold_texas_2020,experiment:prom_sap_grain_mold_texas_2020,Publicly available study source,1530,306,1,5,1,Accession,,1,3,Candidate criterion applied
prom_sap_head_smut_p5_p6_2021,prom_sap_head_smut_p5_p6_2021,prom_sap_head_smut_p5_p6_2017,experiment:prom_sap_head_smut_p5_p6_2021,Publicly available study source,124,31,2,2,1,Accession; Resistant check; Susceptible check,pareto_sap_head_smut_p5_p6_2017,2,18,Candidate criterion applied
prom_sap_head_smut_p5_p6_2021,prom_sap_head_smut_p5_p6_2021,prom_sap_head_smut_p5_p6_2018,experiment:prom_sap_head_smut_p5_p6_2021,Publicly available study source,160,40,2,2,1,Accession; Resistant check; Susceptible check,pareto_sap_head_smut_p5_p6_2018,2,31,Candidate criterion applied
prom_sap_texas_anthracnose_2019,prom_sap_texas_anthracnose_2019,prom_sap_texas_anthracnose_2019,experiment:prom_sap_texas_anthracnose_2019,Publicly available study source,752,374,1,2,1,Accession,,1,73,Candidate criterion applied
prom_sc112_ril_anthracnose_2020,prom_sc112_ril_anthracnose_2020,prom_sc112_ril_anthracnose_2020,experiment:prom_sc112_ril_anthracnose_2020,Publicly available study source,456,114,1,1,4,Recombinant inbred line,pareto_sc112_ril_anthracnose_locations,0,0,Descriptive results
prom_senegal_seed_quality_2018,prom_senegal_seed_quality_2018,prom_senegal_seed_quality_2018,experiment:prom_senegal_seed_quality_2018,Publicly available study source,1106,158,2,7,2,Accession,pareto_senegal_seed_quality,2,14,Candidate criterion applied
prom_senegal_seedling_head_smut_p5_2022,prom_senegal_seedling_head_smut_p5_2022,prom_senegal_seedling_head_smut_p5_2022,experiment:prom_senegal_seedling_head_smut_p5_2022,Publicly available study source,334,167,1,2,1,Accession; Numbered reference line,,1,17,Candidate criterion applied
prom_sudan_anthracnose_2020,prom_sudan_anthracnose_2020,prom_sudan_anthracnose_2020,experiment:prom_sudan_anthracnose_2020,Publicly available study source,1590,318,1,3,4,Accession,pareto_sudan_anthracnose_locations,2,55,Candidate criterion applied
prom_sudan_grain_mold_2024,prom_sudan_grain_mold_2024,prom_sudan_grain_mold_2024,experiment:prom_sudan_grain_mold_2024,Publicly available study source,984,246,1,4,1,Accession,pareto_sudan_grain_mold_endpoints,0,0,Descriptive results
prom_sudan_grain_mold_sources_2009,prom_sudan_grain_mold_sources_2009,prom_sudan_grain_mold_sources_2009,experiment:prom_fusarium_grain_mold_panels_isabela_2006,Publicly available study source,252,63,1,4,1,Accession; Resistant control; Susceptible control,pareto_sudan_2009_grain_mold_measurements,1,7,Candidate criterion applied
prom_sudan_rust_2025,prom_sudan_rust_2025,prom_sudan_rust_2025,experiment:prom_sudan_rust_2025,Publicly available study source,536,268,1,2,1,Accession,,1,18,Candidate criterion applied
prom_sweet_anthracnose_2023,sweet_sorghum_multilocation_anthracnose,prom_sweet_anthracnose_2023,experiment:sweet_sorghum_multilocation_anthracnose,Publicly available study source,1360,272,1,2,5,Accession,pareto_sweet_anthracnose_locations,1,26,Candidate criterion applied
prom_uganda_downy_mildew_2019,prom_uganda_downy_mildew_2019,prom_uganda_downy_mildew_2019,experiment:uganda_downy_mildew_two_location_2016,Publicly available study source,1000,100,1,5,2,Introduced accession; Resistant check with conflicting source identifiers; Resistant check; Ugandan genotype,pareto_uganda_downy_mildew_locations_2016,2,4,Candidate criterion applied
prom_us_lines_long_smut_grain_mold_2018,prom_us_lines_long_smut_grain_mold_2018,prom_us_lines_long_smut_grain_mold_2018,experiment:prom_senegal_long_smut_grain_mold_2011_2012,Publicly available study source,60,30,2,2,1,Grain mold susceptible check; Line or hybrid,pareto_nioro_2018_long_smut_grain_mold,2,2,Candidate criterion applied
prom_weather_anthracnose_genotypes_2015,prom_weather_anthracnose_genotypes_2015,prom_weather_anthracnose_genotypes_2015,experiment:prom_weather_anthracnose_texas_2009_paired_crop_regrowth,Publicly available study source,140,70,1,1,2,Accession; Resistant control; Susceptible control,pareto_weather_anthracnose_2009_crop_phases,1,19,Candidate criterion applied
prom_zimbabwe_rust_2012,prom_zimbabwe_rust_2012,prom_zimbabwe_rust_2012,experiment:prom_zimbabwe_rust_isabela_2011,Publicly available study source,68,68,1,1,1,Accession,,1,12,Candidate criterion applied
prom_zonate_leaf_spot_2021,prom_zonate_leaf_spot_2021,prom_zonate_leaf_spot_2021,experiment:prom_zonate_leaf_spot_burleson_2021,Publicly available study source,68,68,1,1,1,Accession or line,,1,13,Candidate criterion applied
ref_adeyanju_stalk_rot_2015,ref_adeyanju_stalk_rot_2015,ref_adeyanju_stalk_rot_2015,experiment:ref_adeyanju_stalk_rot_2015,Publicly available study source,2400,300,2,4,1,Inbred line identified by source number,pareto_adeyanju_stalk_rot_pathogens,0,0,Descriptive results
ref_aragaw_terefe_eastern_ethiopia_anthracnose_2024,ref_aragaw_terefe_eastern_ethiopia_anthracnose_2024,ref_aragaw_terefe_eastern_ethiopia_anthracnose_2024,experiment:ref_aragaw_terefe_eastern_ethiopia_anthracnose_2024,Publicly available study source,588,49,1,6,2,Genotype; Susceptible check,pareto_aragaw_terefe_anthracnose_years,3,20,Candidate criterion applied
ref_aruna_population_breeding_grain_mold_2021,ref_aruna_population_breeding_grain_mold_2021,ref_aruna_population_breeding_grain_mold_2021,experiment:aruna_population_breeding_india_2017_2018,Publicly available study source,70,35,1,1,2,Grain mold resistant check; Grain mold susceptible check; Selected population breeding derivative,,1,2,Candidates reported from a selected follow-up subset
ref_barbosa_brazil_downy_mildew_2004,ref_barbosa_brazil_downy_mildew_2004,ref_barbosa_brazil_downy_mildew_2004,experiment:barbosa_sete_lagoas_two_nursery_downy_mildew,Publicly available study source,168,41,1,2,2,Genotype with a duplicated printed label; Screened genotype,,2,13,Candidate criterion based on numerical values; conflicting printed accession labels are reported
ref_beshir_sudan_leaf_blight_2015,ref_beshir_sudan_leaf_blight_2015,ref_beshir_sudan_leaf_blight_2015,experiment:beshir_central_sudan_leaf_blight_survey_2014,Publicly available study source,22,11,1,2,1,Farmer preferred variety,,0,0,Descriptive observational survey
ref_buiate_brazil_anthracnose_2009,ref_buiate_brazil_anthracnose_2009,ref_buiate_brazil_anthracnose_2009_field_screen,experiment:buiate_brazil_anthracnose_field_screen_2006,Publicly available study source,3600,150,1,2,12,Commercial hybrid; Experimental hybrid; Forage hybrid; Male sterile line; Resistant check; Restorer line; Susceptible check,pareto_buiate_anthracnose_isolate_severity,1,74,Candidate criterion applied to accessions with documented accession or line labels
ref_costa_brazil_anthracnose_inheritance_2008,ref_costa_brazil_anthracnose_inheritance_2008,ref_costa_brazil_anthracnose_inheritance_2008,experiment:costa_brazil_anthracnose_inheritance_parent_reactions,Publicly available study source,26,5,1,1,7,Parent line in inheritance cross,,0,0,Inheritance experiment with parental responses
ref_diatta_senegal_hybrids_grain_mold_2019,ref_diatta_senegal_hybrids_grain_mold_2019,ref_diatta_senegal_hybrids_grain_mold_2019,experiment:diatta_senegal_natural_grain_mold_2012_2017,Publicly available study source,6,6,1,1,1,Parent check; Test hybrid,,1,1,Candidate reported from a small hybrid trial
ref_erpelding_botswana_anthracnose_2011,ref_erpelding_botswana_anthracnose_2011,ref_erpelding_botswana_anthracnose_2011,experiment:erpelding_isabela_anthracnose_2007_2008_campaign,Publicly available study source,688,172,1,2,2,Accession; Resistant control; Susceptible control,,1,47,Candidate criterion applied
ref_erpelding_burundi_anthracnose_2010,ref_erpelding_burundi_anthracnose_2010,ref_erpelding_burundi_anthracnose_2010,experiment:erpelding_isabela_anthracnose_2007_2008_campaign,Publicly available study source,640,160,1,2,2,Accession; Resistant control; Susceptible control,,1,89,Candidate criterion applied
ref_erpelding_mopti_anthracnose_2010,ref_erpelding_mopti_anthracnose_2010,ref_erpelding_mopti_anthracnose_2010,experiment:erpelding_isabela_mali_anthracnose_2004_2005_campaign,Publicly available study source,388,97,1,2,2,Accession,,1,45,Candidate criterion applied
ref_erpelding_redlan_anthracnose_2007,ref_erpelding_redlan_anthracnose_2007,ref_erpelding_redlan_anthracnose_2007,experiment:erpelding_isabela_redlan_pi609251_f2_2005,Publicly available study source,11,2,1,6,5,Resistant parent; Susceptible parent,,0,0,Inheritance experiment with parental contrasts
ref_erpelding_sikasso_mali_anthracnose_2008,ref_erpelding_sikasso_mali_anthracnose_2008,ref_erpelding_sikasso_mali_anthracnose_2008,experiment:erpelding_isabela_mali_anthracnose_2004_2005_campaign,Publicly available study source,584,146,1,2,2,Accession; Non inoculated control; Resistant control; Susceptible control,,1,109,Candidate criterion applied
ref_gaffoor_pennsylvania_anthracnose_2021,ref_gaffoor_pennsylvania_anthracnose_2021,ref_gaffoor_pennsylvania_anthracnose_2021,experiment:gaffoor_pennsylvania_anthracnose_selected_subset_2016,Publicly available study source,490,35,1,7,2,Line selected for favorable disease response; Resistant control; Susceptible control,,1,3,Candidates reported from a subset selected by outcome
ref_girma_ethiopian_head_smut_2019,ref_girma_ethiopian_head_smut_2019,ref_girma_ethiopian_head_smut_2019,experiment:ref_girma_ethiopian_head_smut_2019,Publicly available study source,2850,1425,1,1,2,Genotype,pareto_girma_head_smut_years,1,841,Candidate criterion applied
ref_hess_mali_anthracnose_2002,ref_hess_mali_anthracnose_2002,ref_hess_mali_anthracnose_2002,experiment:hess_mali_longorola_samanko_anthracnose_1996_1998,Publicly available study source,168,21,1,8,1,Line; Resistant check; Susceptible check,pareto_hess_mali_anthracnose_organs,0,0,Summary of a selected panel
ref_koima_kenya_anthracnose_2023,ref_koima_kenya_anthracnose_2023,ref_koima_kenya_anthracnose_2023_field,experiment:ref_koima_kenya_anthracnose_2023,Publicly available study source,168,15,1,3,4,Genotype; Susceptible control,pareto_koima_field_anthracnose_locations,5,5,Candidate criterion applied
ref_koima_kenya_anthracnose_2023,ref_koima_kenya_anthracnose_2023,ref_koima_kenya_anthracnose_2023_greenhouse,experiment:ref_koima_kenya_anthracnose_2023,Publicly available study source,42,14,1,3,1,Genotype; Susceptible control,,1,4,Candidate criterion applied
ref_komolong_ergot_ovary_2003,ref_komolong_ergot_ovary_2003,ref_komolong_ergot_ovary_2003,experiment:komolong_brisbane_ergot_ovary_colonization,Publicly available study source,36,4,1,2,12,Male sterile line previously ergot resistant; Male sterile line previously most susceptible,,0,0,Mechanistic factorial experiment
ref_kumar_icrisat_grain_mold_hybrids_2008,ref_kumar_icrisat_grain_mold_hybrids_2008,ref_kumar_icrisat_grain_mold_hybrids_2008,experiment:icrisat_patancheru_grain_mold_2006_2007,Publicly available study source,25,25,1,1,1,B line parent; Grain mold resistant landrace control; Grain mold susceptible cultivar control; High yielding b line control; Popular hybrid control; R line parent; Test hybrid,,2,7,Candidates reported from a designed hybrid trial
ref_mcmahan_conversion_panel_leaf_blight_2020,ref_mcmahan_conversion_panel_leaf_blight_2020,ref_mcmahan_conversion_panel_leaf_blight_2020,experiment:zhang_sorghum_conversion_panel_leaf_blight_2016_2018,Publicly available study source,2784,696,1,2,4,Resistant check; Susceptible check with conflicting source identifiers; Sorghum conversion panel line,,0,0,Descriptive BLUP summary
ref_mekonen_ethiopia_anthracnose_pathotypes_2024,ref_mekonen_ethiopia_anthracnose_pathotypes_2024,ref_mekonen_ethiopia_anthracnose_pathotypes_2024,experiment:ref_mekonen_ethiopia_anthracnose_pathotypes_2024,Publicly available study source,700,53,1,4,27,Differential line; Pathogen isolate,,0,0,Pathogen differential study
ref_mengistu_ethiopia_anthracnose_2021,ref_mengistu_ethiopia_anthracnose_2021,ref_mengistu_ethiopia_anthracnose_2021,experiment:ref_mengistu_ethiopia_anthracnose_2021,Publicly available study source,732,366,1,2,1,Genotype; Susceptible check,pareto_mengistu_anthracnose_endpoints,0,0,Sensitivity analysis of candidates reported by the authors
ref_mpofu_grain_mold_fgs_2014,ref_mpofu_grain_mold_fgs_2014,ref_mpofu_grain_mold_fgs_2014,experiment:unresolved_prior_field_evaluations_reported_by_mpofu_2014,Publicly available study source,22,11,1,2,1,Selected genotype for 2006 greenhouse experiment,,0,0,Historical phenotype source
ref_nageshkumar_india_genetic_gain_grain_mold_2022,ref_nageshkumar_india_genetic_gain_grain_mold_2022,ref_nageshkumar_india_genetic_gain_grain_mold_2022,experiment:india_genetic_gain_six_locations_2018_2020,Publicly available study source,96,24,1,1,4,Aet i entry; Aet ii entry; Released national variety; Released state level variety; Released state variety,,1,2,Candidates reported from a historical series
ref_navi_elite_multiple_disease_2003,ref_navi_elite_multiple_disease_2003,ref_navi_elite_multiple_disease_2003,experiment:navi_elite_landraces_patancheru_2001,Publicly available study source,82,82,1,1,1,Elite landrace selected as disease free,,0,0,Sensitivity analysis using the 82 disease-free accessions reported by the source
ref_sharma_minicore_foliar_diseases_2012,ref_sharma_minicore_foliar_diseases_2012,ref_sharma_minicore_foliar_diseases_2012,experiment_set:sharma_minicore_anthracnose_2009_2010+sharma_minicore_leaf_blight_2009_2010+sharma_minicore_rust_2010,Publicly available study source,676,243,3,4,5,Accession,pareto_sharma_full_anthracnose_years; pareto_sharma_resistance_selected_subset,4,38,Candidate results for a selected subset
ref_tesema_ethiopia_leaf_blight_2022,ref_tesema_ethiopia_leaf_blight_2022,ref_tesema_ethiopia_leaf_blight_2022,experiment:tesema_ethiopia_tlb_2018_two_location,Publicly available study source,252,15,1,9,2,Screened genotype; Susceptible check,,1,4,Candidate criterion applied across two locations
ref_tesso_fusarium_stalk_rot_2009,ref_tesso_fusarium_stalk_rot_2009,ref_tesso_fusarium_stalk_rot_2009_protocol_2001,experiment:tesso_fusarium_stalk_rot_methods_program_2001_2002_2008,Publicly available study source,40,2,1,2,10,Resistant hybrid; Susceptible hybrid,,0,0,Methods and validation results
ref_tesso_fusarium_stalk_rot_2009,ref_tesso_fusarium_stalk_rot_2009,ref_tesso_fusarium_stalk_rot_2009_protocol_2002,experiment:tesso_fusarium_stalk_rot_methods_program_2001_2002_2008,Publicly available study source,200,10,1,2,10,Protocol development hybrid,,0,0,Methods and validation results
ref_tesso_fusarium_stalk_rot_2009,ref_tesso_fusarium_stalk_rot_2009,ref_tesso_fusarium_stalk_rot_2009_validation_2008,experiment:tesso_fusarium_stalk_rot_methods_program_2001_2002_2008,Publicly available study source,118,59,1,2,1,Caudatum; cultivar; dura; Dura bicolor; guinea; Guinea bicolor; Guinea kafir; Inbred line; kafir; Kafir caudatum,pareto_tesso_2008_fusarium_stalk_rot_measurements,0,0,Methods and validation results
ref_thakur_indian_anthracnose_populations_1998,ref_thakur_indian_anthracnose_populations_1998,ref_thakur_indian_anthracnose_populations_1998_field,experiment:thakur_indian_anthracnose_populations_1992_1996,Publicly available study source,180,15,1,2,6,Differential line; Susceptible check,,0,0,Pathogen differential study
ref_thakur_indian_anthracnose_populations_1998,ref_thakur_indian_anthracnose_populations_1998,ref_thakur_indian_anthracnose_populations_1998_greenhouse,experiment:thakur_indian_anthracnose_populations_1992_1996,Publicly available study source,384,16,1,4,6,Differential line; Resistant check; Susceptible check,,0,0,Pathogen differential study
ref_thakur_indian_anthracnose_populations_1998,ref_thakur_indian_anthracnose_populations_1998,ref_thakur_indian_anthracnose_populations_1998_pathotype_summary,experiment:thakur_indian_anthracnose_populations_1992_1996,Publicly available study source,6,6,1,1,1,Pathogen isolate,,0,0,Pathogen differential study
ref_tomar_kansas_grain_mold_controls_2016,ref_tomar_kansas_grain_mold_controls_2016,ref_tomar_kansas_grain_mold_controls_2016,experiment:kansas_sap_f_thapsinum_2014_2015,Publicly available study source,96,8,1,2,6,Moderately resistant or susceptible check; Resistant check; Susceptible check,,0,0,Descriptive comparison of resistant and susceptible checks
senegal_head_smut_pathotype5,senegal_head_smut_pathotype5,ahn_2024_head_smut_p5,experiment:senegal_head_smut_pathotype5,Cited publication and associated public data file,306,153,1,1,1,Test accession,,0,0,Descriptive quantitative disease responses for accessions or lines
senegal_seedling_anthracnose,senegal_seedling_anthracnose,ahn_2022_seedling_anthracnose,experiment:senegal_seedling_anthracnose,Cited publication and associated public data file,1467,163,1,1,1,Reference check; Test accession,,1,143,Candidate criterion applied
